frame_num,timestamp,class,confidence,x1,y1,x2,y2
0,0.0,cat,0.5537051558494568,838.352783203125,311.98736572265625,1134.19091796875,669.1921997070312
0,0.0,cat,0.48629650473594666,486.0411376953125,80.9412841796875,1128.1263427734375,677.5413208007812
56,1.8666666666666667,cat,0.6282049417495728,475.9832763671875,71.06391906738281,1121.15380859375,678.6268310546875
56,1.8666666666666667,cat,0.41643109917640686,857.3954467773438,317.2760314941406,1120.4599609375,670.412353515625
57,1.9,cat,0.6292886137962341,475.638427734375,71.10432434082031,1121.3035888671875,679.0763549804688
57,1.9,cat,0.4040816128253937,856.6722412109375,317.4139404296875,1120.56298828125,670.8167724609375
58,1.9333333333333333,cat,0.6477420330047607,473.07220458984375,71.49640655517578,1121.8670654296875,678.5968017578125
58,1.9333333333333333,cat,0.3920465111732483,853.8521728515625,317.0882568359375,1120.94140625,670.3890991210938
59,1.9666666666666666,cat,0.5167050361633301,472.0024719238281,70.69756317138672,1122.275146484375,678.7843017578125
59,1.9666666666666666,cat,0.4447324872016907,853.796142578125,317.2032165527344,1120.6522216796875,670.707763671875
60,2.0,cat,0.6286048889160156,470.3075866699219,70.57064819335938,1122.232177734375,678.8936157226562
60,2.0,cat,0.39338138699531555,855.0076904296875,317.3177185058594,1120.7816162109375,671.1331787109375
6,0.2,cat,0.5603435635566711,844.5847778320312,313.322265625,1134.2509765625,669.0505981445312
6,0.2,cat,0.49306270480155945,485.6078186035156,80.10252380371094,1129.781005859375,677.80810546875
7,0.23333333333333334,cat,0.5186721682548523,843.7453002929688,313.4690246582031,1134.2593994140625,669.2545776367188
7,0.23333333333333334,cat,0.5884155035018921,486.02166748046875,80.05574798583984,1129.7674560546875,677.9585571289062
8,0.26666666666666666,cat,0.5496847629547119,842.5303344726562,313.7120056152344,1134.2550048828125,669.2554931640625
8,0.26666666666666666,cat,0.49428585171699524,485.8103942871094,80.00875091552734,1129.85986328125,677.938720703125
9,0.3,cat,0.5579318404197693,842.6973266601562,313.81353759765625,1134.2601318359375,669.1810302734375
9,0.3,cat,0.4723854064941406,485.4161376953125,79.95317840576172,1129.67822265625,677.9000854492188
10,0.3333333333333333,cat,0.5388602018356323,841.9664916992188,314.12890625,1133.1888427734375,669.0245971679688
10,0.3333333333333333,cat,0.5387569069862366,486.4680480957031,80.09817504882812,977.0528564453125,677.238525390625
66,2.2,cat,0.6320180296897888,461.00286865234375,69.73875427246094,965.2750244140625,679.4046020507812
66,2.2,cat,0.43123653531074524,858.4384765625,317.6154479980469,1121.0494384765625,671.922607421875
67,2.2333333333333334,cat,0.537736713886261,460.6180725097656,69.62287139892578,913.348388671875,678.9155883789062
67,2.2333333333333334,cat,0.41699880361557007,856.9426879882812,317.48089599609375,1121.0777587890625,671.8933715820312
68,2.2666666666666666,cat,0.6741248369216919,455.5853576660156,69.33966064453125,1056.792724609375,679.7041015625
68,2.2666666666666666,cat,0.41214653849601746,856.8880004882812,317.48492431640625,1121.173828125,672.1040649414062
69,2.3,cat,0.7108355760574341,454.5224609375,69.3879165649414,1098.947265625,680.2711181640625
69,2.3,cat,0.3789949417114258,857.8217163085938,317.71136474609375,1121.168701171875,672.5224609375
70,2.3333333333333335,cat,0.5085896253585815,457.1053466796875,67.48265075683594,977.1597290039062,679.848388671875
70,2.3333333333333335,cat,0.45252177119255066,858.2815551757812,317.7852783203125,1121.319580078125,672.6307983398438
16,0.5333333333333333,cat,0.3835062086582184,828.013916015625,318.9561767578125,1121.158447265625,669.8170166015625
16,0.5333333333333333,cat,0.6058225035667419,487.7328186035156,78.39830017089844,1117.0269775390625,677.931884765625
17,0.5666666666666667,cat,0.288914293050766,820.497314453125,320.3390808105469,1119.7454833984375,669.7733764648438
17,0.5666666666666667,cat,0.67449551820755,487.5205383300781,77.70250701904297,1123.919189453125,677.9549560546875
18,0.6,cat,0.2983956038951874,827.4752197265625,320.472900390625,1118.519287109375,669.7077026367188
18,0.6,cat,0.7218157649040222,484.99615478515625,78.24174499511719,1123.97216796875,677.8684692382812
19,0.6333333333333333,cat,0.33290261030197144,826.749267578125,321.0473327636719,1118.1614990234375,669.9505004882812
19,0.6333333333333333,cat,0.7347034215927124,484.3657531738281,77.76594543457031,1123.3746337890625,677.9718017578125
20,0.6666666666666666,cat,0.4449700713157654,828.1546630859375,320.50994873046875,1116.9256591796875,669.8256225585938
20,0.6666666666666666,cat,0.5686116218566895,486.5411071777344,73.95193481445312,1124.29150390625,678.3883666992188
76,2.533333333333333,cat,0.5537437796592712,455.5697326660156,69.63893127441406,1125.263427734375,681.1246948242188
76,2.533333333333333,cat,0.39774537086486816,860.162353515625,318.41192626953125,1121.9957275390625,673.3839111328125
77,2.566666666666667,cat,0.5925622582435608,458.33807373046875,69.27147674560547,982.8180541992188,680.8743896484375
77,2.566666666666667,cat,0.44671085476875305,858.7673950195312,318.1700744628906,1122.0648193359375,673.3450317382812
78,2.6,cat,0.5666621327400208,455.53167724609375,68.65934753417969,1081.699951171875,681.123779296875
78,2.6,cat,0.4349593222141266,857.750244140625,318.0041198730469,1122.1246337890625,673.3165893554688
79,2.6333333333333333,cat,0.6094672083854675,458.4140319824219,68.7545166015625,970.8431396484375,681.0541381835938
79,2.6333333333333333,cat,0.447065144777298,857.060791015625,318.13128662109375,1122.083984375,673.2784423828125
80,2.6666666666666665,cat,0.575570285320282,455.4186706542969,69.0574951171875,1076.5902099609375,681.1495361328125
80,2.6666666666666665,cat,0.4467177093029022,857.203125,318.01318359375,1122.3067626953125,673.214111328125
26,0.8666666666666667,cat,0.471381276845932,832.3460693359375,321.9558410644531,1131.79443359375,670.1707153320312
26,0.8666666666666667,cat,0.5582106113433838,489.4786071777344,70.83389282226562,1130.864990234375,678.8226318359375
27,0.9,cat,0.4733683466911316,833.7052612304688,321.7470397949219,1132.8565673828125,670.0968627929688
27,0.9,cat,0.5367552042007446,489.6757507324219,70.82697296142578,1131.1484375,678.7830200195312
28,0.9333333333333333,cat,0.47547781467437744,835.8802490234375,321.3614196777344,1134.3355712890625,670.2686767578125
28,0.9333333333333333,cat,0.5388659238815308,489.6830749511719,70.69368743896484,1132.8739013671875,678.663818359375
29,0.9666666666666667,cat,0.48497843742370605,839.09765625,320.6415100097656,1135.5943603515625,670.20556640625
29,0.9666666666666667,cat,0.5303728580474854,490.10498046875,70.582763671875,981.9563598632812,677.7426147460938
30,1.0,cat,0.46950244903564453,841.3104858398438,320.07855224609375,1136.4825439453125,670.3441772460938
30,1.0,cat,0.543168842792511,488.5760803222656,70.94341278076172,1091.0234375,678.3619384765625
86,2.8666666666666667,cat,0.7284287810325623,453.617919921875,70.85786437988281,1124.4315185546875,681.8010864257812
86,2.8666666666666667,cat,0.34503069519996643,857.7169799804688,318.18206787109375,1123.3455810546875,672.9938354492188
87,2.9,cat,0.7216347455978394,452.76336669921875,70.93862915039062,1125.0166015625,682.1104736328125
87,2.9,cat,0.34504038095474243,857.3072509765625,318.06048583984375,1123.5111083984375,673.0343017578125
88,2.933333333333333,cat,0.6679108738899231,455.2982177734375,70.91397857666016,1122.7117919921875,681.5988159179688
88,2.933333333333333,cat,0.3360041677951813,855.6959838867188,318.218994140625,1123.7191162109375,673.2401123046875
89,2.966666666666667,cat,0.5800089240074158,452.6952209472656,70.4998550415039,1125.253173828125,681.8139038085938
89,2.966666666666667,cat,0.37006643414497375,854.6964111328125,318.24609375,1124.0673828125,673.415283203125
90,3.0,cat,0.7057230472564697,456.7099304199219,71.11884307861328,977.6571655273438,681.3850708007812
90,3.0,cat,0.5664815902709961,853.6431274414062,318.3284606933594,1124.298095703125,673.1361694335938
36,1.2,cat,0.4648633599281311,840.6368408203125,319.5465393066406,1140.9093017578125,670.9518432617188
36,1.2,cat,0.6939857602119446,489.1073913574219,70.66535949707031,1112.168212890625,678.98046875
37,1.2333333333333334,cat,0.5030679106712341,841.8369140625,319.7253723144531,1140.75732421875,671.0081787109375
37,1.2333333333333334,cat,0.5841852426528931,488.4540710449219,69.94708251953125,1134.68359375,679.1366577148438
38,1.2666666666666666,cat,0.5288195013999939,842.309326171875,319.73101806640625,1138.05908203125,671.0699462890625
38,1.2666666666666666,cat,0.5631694197654724,488.42840576171875,69.59369659423828,1140.929931640625,679.2003784179688
39,1.3,cat,0.5123864412307739,843.0791015625,319.8187255859375,1137.0069580078125,671.1505737304688
39,1.3,cat,0.6051908135414124,488.478515625,69.62788391113281,1142.5552978515625,679.3314208984375
40,1.3333333333333333,cat,0.4633823037147522,842.1266479492188,319.0468444824219,1134.1993408203125,671.170166015625
40,1.3333333333333333,cat,0.5813722610473633,489.2768249511719,69.6186752319336,1140.4423828125,679.2293701171875
96,3.2,cat,0.6780616044998169,459.47314453125,72.40118408203125,895.5765380859375,680.3623657226562
96,3.2,cat,0.5903083086013794,853.1749877929688,318.37225341796875,1124.400146484375,672.8576049804688
97,3.2333333333333334,cat,0.6425507664680481,459.6410827636719,71.98175048828125,896.7215576171875,680.1570434570312
97,3.2333333333333334,cat,0.5851490497589111,852.7669677734375,318.3275146484375,1124.4869384765625,672.8052368164062
98,3.2666666666666666,cat,0.6340382695198059,459.9533996582031,70.47203826904297,899.600341796875,680.229248046875
98,3.2666666666666666,cat,0.5386528372764587,853.5469360351562,318.50140380859375,1124.0906982421875,672.861572265625
99,3.3,cat,0.679043173789978,459.8576354980469,69.94857025146484,900.3007202148438,680.3079223632812
99,3.3,cat,0.5678490996360779,853.6747436523438,318.4767761230469,1123.966796875,672.6914672851562
100,3.3333333333333335,cat,0.6761701107025146,462.16119384765625,69.3419189453125,901.1945190429688,680.2365112304688
100,3.3333333333333335,cat,0.5587930679321289,851.8944702148438,318.4491271972656,1123.6856689453125,672.7256469726562
46,1.5333333333333334,cat,0.715431809425354,485.2186279296875,69.78286743164062,1124.1885986328125,678.4410400390625
46,1.5333333333333334,cat,0.26369956135749817,795.6263427734375,318.83697509765625,1123.17138671875,672.5753784179688
47,1.5666666666666667,cat,0.5174444317817688,485.16259765625,68.94743347167969,978.1551513671875,677.1451416015625
47,1.5666666666666667,cat,0.4382791519165039,806.8995361328125,318.24188232421875,1122.402099609375,672.0100708007812
48,1.6,cat,0.4849148392677307,482.4867248535156,69.94550323486328,1077.9576416015625,677.7329711914062
48,1.6,cat,0.39506351947784424,801.227783203125,317.6728210449219,1122.0458984375,671.2763671875
49,1.6333333333333333,cat,0.5062230825424194,482.9882507324219,69.27881622314453,1105.554931640625,678.0593872070312
49,1.6333333333333333,cat,0.4030422270298004,809.2368774414062,318.0055847167969,1121.671630859375,671.6636962890625
50,1.6666666666666667,cat,0.5825923681259155,482.80621337890625,68.15203094482422,1116.6302490234375,678.5594482421875
50,1.6666666666666667,cat,0.34712928533554077,838.6461791992188,318.1795349121094,1121.4210205078125,671.24072265625
106,3.533333333333333,cat,0.7247709631919861,481.033447265625,69.4283676147461,897.4611206054688,681.9963989257812
106,3.533333333333333,cat,0.5723469853401184,855.3676147460938,318.0399169921875,1123.9886474609375,673.216552734375
107,3.566666666666667,cat,0.7952116131782532,483.1765441894531,68.86712646484375,894.7396850585938,682.0042114257812
107,3.566666666666667,cat,0.6066206693649292,855.6900634765625,318.0017395019531,1124.1309814453125,673.595703125
108,3.6,cat,0.716212809085846,484.64910888671875,69.06393432617188,899.7861328125,682.5096435546875
108,3.6,cat,0.5402472019195557,858.0614624023438,317.96881103515625,1124.0908203125,673.77783203125
109,3.6333333333333333,cat,0.5084515810012817,485.7553405761719,68.92986297607422,902.5391845703125,682.0924682617188
109,3.6333333333333333,cat,0.46920695900917053,859.639404296875,317.9142150878906,1123.916015625,673.8984985351562
110,3.6666666666666665,cat,0.47032418847084045,488.5854187011719,68.52259826660156,1009.4320678710938,680.9305419921875
110,3.6666666666666665,cat,0.4295779764652252,861.5128173828125,318.1490173339844,1123.815185546875,674.0885620117188
56,1.8666666666666667,cat,0.6282049417495728,475.9832763671875,71.06391906738281,1121.15380859375,678.6268310546875
56,1.8666666666666667,cat,0.41643109917640686,857.3954467773438,317.2760314941406,1120.4599609375,670.412353515625
57,1.9,cat,0.6292886137962341,475.638427734375,71.10432434082031,1121.3035888671875,679.0763549804688
57,1.9,cat,0.4040816128253937,856.6722412109375,317.4139404296875,1120.56298828125,670.8167724609375
58,1.9333333333333333,cat,0.6477420330047607,473.07220458984375,71.49640655517578,1121.8670654296875,678.5968017578125
58,1.9333333333333333,cat,0.3920465111732483,853.8521728515625,317.0882568359375,1120.94140625,670.3890991210938
59,1.9666666666666666,cat,0.5167050361633301,472.0024719238281,70.69756317138672,1122.275146484375,678.7843017578125
59,1.9666666666666666,cat,0.4447324872016907,853.796142578125,317.2032165527344,1120.6522216796875,670.707763671875
60,2.0,cat,0.6286048889160156,470.3075866699219,70.57064819335938,1122.232177734375,678.8936157226562
60,2.0,cat,0.39338138699531555,855.0076904296875,317.3177185058594,1120.7816162109375,671.1331787109375
116,3.8666666666666667,cat,0.4422113597393036,491.9892272949219,69.29778289794922,1043.4832763671875,680.175537109375
116,3.8666666666666667,cat,0.3843839168548584,859.908203125,318.22015380859375,1123.794677734375,673.40283203125
117,3.9,cat,0.4717470109462738,491.8365478515625,69.18635559082031,1092.3267822265625,680.7108764648438
117,3.9,cat,0.3841393291950226,860.6680908203125,318.2161560058594,1123.777587890625,673.3629760742188
118,3.933333333333333,cat,0.4527339041233063,492.12005615234375,69.10704040527344,1112.4700927734375,680.7590942382812
118,3.933333333333333,cat,0.42200466990470886,859.0095825195312,318.3363952636719,1123.921142578125,673.4697875976562
119,3.966666666666667,cat,0.4924996793270111,492.3839416503906,68.74893951416016,1122.6583251953125,680.8292236328125
119,3.966666666666667,cat,0.4165365397930145,859.5116577148438,318.37994384765625,1124.2763671875,673.5238647460938
120,4.0,cat,0.45757338404655457,491.4272766113281,68.88388061523438,1065.8072509765625,681.5733032226562
120,4.0,cat,0.44355425238609314,858.9940795898438,318.4229736328125,1124.44287109375,673.4977416992188
66,2.2,cat,0.6320180296897888,461.00286865234375,69.73875427246094,965.2750244140625,679.4046020507812
66,2.2,cat,0.43123653531074524,858.4384765625,317.6154479980469,1121.0494384765625,671.922607421875
67,2.2333333333333334,cat,0.537736713886261,460.6180725097656,69.62287139892578,913.348388671875,678.9155883789062
67,2.2333333333333334,cat,0.41699880361557007,856.9426879882812,317.48089599609375,1121.0777587890625,671.8933715820312
68,2.2666666666666666,cat,0.6741248369216919,455.5853576660156,69.33966064453125,1056.792724609375,679.7041015625
68,2.2666666666666666,cat,0.41214653849601746,856.8880004882812,317.48492431640625,1121.173828125,672.1040649414062
69,2.3,cat,0.7108355760574341,454.5224609375,69.3879165649414,1098.947265625,680.2711181640625
69,2.3,cat,0.3789949417114258,857.8217163085938,317.71136474609375,1121.168701171875,672.5224609375
70,2.3333333333333335,cat,0.5085896253585815,457.1053466796875,67.48265075683594,977.1597290039062,679.848388671875
70,2.3333333333333335,cat,0.45252177119255066,858.2815551757812,317.7852783203125,1121.319580078125,672.6307983398438
125,4.166666666666667,cat,0.6790542006492615,494.5891418457031,68.98174285888672,897.902099609375,680.668701171875
125,4.166666666666667,cat,0.47171446681022644,853.4678344726562,318.4134216308594,1124.757568359375,673.8579711914062
126,4.2,cat,0.7280122637748718,494.46435546875,69.29865264892578,896.7029418945312,680.9072265625
126,4.2,cat,0.4867227375507355,849.4413452148438,319.634033203125,1125.0999755859375,674.1369018554688
127,4.233333333333333,cat,0.5582439303398132,492.7579650878906,68.97252655029297,1049.6612548828125,681.3648681640625
127,4.233333333333333,cat,0.29203808307647705,832.5486450195312,321.8757629394531,1125.5037841796875,676.02099609375
128,4.266666666666667,cat,0.7031220197677612,491.6285705566406,68.77665710449219,1101.98876953125,681.090576171875
129,4.3,cat,0.704419732093811,491.326171875,68.75005340576172,1124.718017578125,681.124267578125
130,4.333333333333333,cat,0.7003873586654663,493.0830078125,69.1459732055664,996.4335327148438,681.4581298828125
130,4.333333333333333,cat,0.4324643015861511,821.11328125,328.2736511230469,1131.9906005859375,675.8555297851562
76,2.533333333333333,cat,0.5537437796592712,455.5697326660156,69.63893127441406,1125.263427734375,681.1246948242188
76,2.533333333333333,cat,0.39774537086486816,860.162353515625,318.41192626953125,1121.9957275390625,673.3839111328125
77,2.566666666666667,cat,0.5925622582435608,458.33807373046875,69.27147674560547,982.8180541992188,680.8743896484375
77,2.566666666666667,cat,0.44671085476875305,858.7673950195312,318.1700744628906,1122.0648193359375,673.3450317382812
78,2.6,cat,0.5666621327400208,455.53167724609375,68.65934753417969,1081.699951171875,681.123779296875
78,2.6,cat,0.4349593222141266,857.750244140625,318.0041198730469,1122.1246337890625,673.3165893554688
79,2.6333333333333333,cat,0.6094672083854675,458.4140319824219,68.7545166015625,970.8431396484375,681.0541381835938
79,2.6333333333333333,cat,0.447065144777298,857.060791015625,318.13128662109375,1122.083984375,673.2784423828125
80,2.6666666666666665,cat,0.575570285320282,455.4186706542969,69.0574951171875,1076.5902099609375,681.1495361328125
80,2.6666666666666665,cat,0.4467177093029022,857.203125,318.01318359375,1122.3067626953125,673.214111328125
136,4.533333333333333,cat,0.9003866314888,493.0087585449219,70.43280029296875,895.5107421875,679.8785400390625
136,4.533333333333333,cat,0.5142967104911804,802.0938110351562,333.3584289550781,1134.21875,670.6697387695312
137,4.566666666666666,cat,0.8951865434646606,493.2704772949219,70.37710571289062,895.1558837890625,680.502685546875
137,4.566666666666666,cat,0.45814603567123413,806.8447875976562,339.3641052246094,1128.534912109375,671.523681640625
138,4.6,cat,0.8898427486419678,493.39703369140625,70.16358184814453,894.6679077148438,680.6721801757812
138,4.6,cat,0.5665319561958313,811.0932006835938,352.5828857421875,1115.890380859375,672.5681762695312
139,4.633333333333334,cat,0.8924819231033325,493.8564453125,69.29265594482422,895.5416259765625,680.599609375
139,4.633333333333334,cat,0.4730127155780792,817.6089477539062,367.38348388671875,1104.36474609375,673.3541259765625
140,4.666666666666667,cat,0.894376277923584,494.7738037109375,67.09027099609375,896.5844116210938,680.82421875
140,4.666666666666667,cat,0.5278451442718506,808.9885864257812,382.16265869140625,1099.41650390625,674.2769775390625
86,2.8666666666666667,cat,0.7284287810325623,453.617919921875,70.85786437988281,1124.4315185546875,681.8010864257812
86,2.8666666666666667,cat,0.34503069519996643,857.7169799804688,318.18206787109375,1123.3455810546875,672.9938354492188
87,2.9,cat,0.7216347455978394,452.76336669921875,70.93862915039062,1125.0166015625,682.1104736328125
87,2.9,cat,0.34504038095474243,857.3072509765625,318.06048583984375,1123.5111083984375,673.0343017578125
88,2.933333333333333,cat,0.6679108738899231,455.2982177734375,70.91397857666016,1122.7117919921875,681.5988159179688
88,2.933333333333333,cat,0.3360041677951813,855.6959838867188,318.218994140625,1123.7191162109375,673.2401123046875
89,2.966666666666667,cat,0.5800089240074158,452.6952209472656,70.4998550415039,1125.253173828125,681.8139038085938
89,2.966666666666667,cat,0.37006643414497375,854.6964111328125,318.24609375,1124.0673828125,673.415283203125
90,3.0,cat,0.7057230472564697,456.7099304199219,71.11884307861328,977.6571655273438,681.3850708007812
90,3.0,cat,0.5664815902709961,853.6431274414062,318.3284606933594,1124.298095703125,673.1361694335938
146,4.866666666666666,cat,0.8228425979614258,499.67694091796875,70.58331298828125,901.4938354492188,681.960693359375
146,4.866666666666666,cat,0.2909223139286041,889.0110473632812,373.1755065917969,1138.1689453125,675.7328491210938
147,4.9,cat,0.824748694896698,498.58935546875,70.61614990234375,901.9459228515625,682.3532104492188
147,4.9,cat,0.3006088137626648,887.681396484375,369.8400573730469,1140.25146484375,674.868408203125
148,4.933333333333334,cat,0.8899098634719849,497.1805419921875,70.44278717041016,898.0565795898438,681.3477172851562
148,4.933333333333334,cat,0.5676131844520569,835.7692260742188,365.9532775878906,1143.0635986328125,675.6875610351562
149,4.966666666666667,cat,0.9078866839408875,496.1536865234375,70.65521240234375,894.7823486328125,680.7003784179688
149,4.966666666666667,cat,0.6212543845176697,824.5100708007812,368.6556091308594,1136.393798828125,674.47607421875
150,5.0,cat,0.9032250642776489,494.3307189941406,71.5534896850586,892.63720703125,680.553955078125
150,5.0,cat,0.6336462497711182,821.6921997070312,370.06622314453125,1133.5986328125,673.933349609375
96,3.2,cat,0.6780616044998169,459.47314453125,72.40118408203125,895.5765380859375,680.3623657226562
96,3.2,cat,0.5903083086013794,853.1749877929688,318.37225341796875,1124.400146484375,672.8576049804688
97,3.2333333333333334,cat,0.6425507664680481,459.6410827636719,71.98175048828125,896.7215576171875,680.1570434570312
97,3.2333333333333334,cat,0.5851490497589111,852.7669677734375,318.3275146484375,1124.4869384765625,672.8052368164062
98,3.2666666666666666,cat,0.6340382695198059,459.9533996582031,70.47203826904297,899.600341796875,680.229248046875
98,3.2666666666666666,cat,0.5386528372764587,853.5469360351562,318.50140380859375,1124.0906982421875,672.861572265625
99,3.3,cat,0.679043173789978,459.8576354980469,69.94857025146484,900.3007202148438,680.3079223632812
99,3.3,cat,0.5678490996360779,853.6747436523438,318.4767761230469,1123.966796875,672.6914672851562
100,3.3333333333333335,cat,0.6761701107025146,462.16119384765625,69.3419189453125,901.1945190429688,680.2365112304688
100,3.3333333333333335,cat,0.5587930679321289,851.8944702148438,318.4491271972656,1123.6856689453125,672.7256469726562
156,5.2,cat,0.9109259843826294,492.47052001953125,72.89156341552734,892.1193237304688,680.521484375
156,5.2,cat,0.3052047789096832,865.0982055664062,334.0874328613281,1146.13525390625,672.7228393554688
157,5.233333333333333,cat,0.909641683101654,492.9638977050781,73.0849380493164,892.0138549804688,680.6948852539062
157,5.233333333333333,cat,0.38666751980781555,857.302001953125,327.7897644042969,1149.4783935546875,673.7433471679688
158,5.266666666666667,cat,0.9128267168998718,493.42584228515625,73.28752899169922,891.8629760742188,681.2283325195312
158,5.266666666666667,cat,0.719968318939209,868.6162719726562,328.83013916015625,1152.9940185546875,674.3479614257812
159,5.3,cat,0.9123075604438782,493.52557373046875,73.26361083984375,891.76953125,681.4811401367188
159,5.3,cat,0.7185314893722534,872.3758544921875,329.3526306152344,1154.24755859375,674.6549682617188
160,5.333333333333333,cat,0.9098486304283142,492.7629699707031,73.01880645751953,891.51171875,682.4967041015625
160,5.333333333333333,cat,0.734060525894165,887.2503051757812,335.0084228515625,1156.51318359375,675.08349609375
106,3.533333333333333,cat,0.7247709631919861,481.033447265625,69.4283676147461,897.4611206054688,681.9963989257812
106,3.533333333333333,cat,0.5723469853401184,855.3676147460938,318.0399169921875,1123.9886474609375,673.216552734375
107,3.566666666666667,cat,0.7952116131782532,483.1765441894531,68.86712646484375,894.7396850585938,682.0042114257812
107,3.566666666666667,cat,0.6066206693649292,855.6900634765625,318.0017395019531,1124.1309814453125,673.595703125
108,3.6,cat,0.716212809085846,484.64910888671875,69.06393432617188,899.7861328125,682.5096435546875
108,3.6,cat,0.5402472019195557,858.0614624023438,317.96881103515625,1124.0908203125,673.77783203125
109,3.6333333333333333,cat,0.5084515810012817,485.7553405761719,68.92986297607422,902.5391845703125,682.0924682617188
109,3.6333333333333333,cat,0.46920695900917053,859.639404296875,317.9142150878906,1123.916015625,673.8984985351562
110,3.6666666666666665,cat,0.47032418847084045,488.5854187011719,68.52259826660156,1009.4320678710938,680.9305419921875
110,3.6666666666666665,cat,0.4295779764652252,861.5128173828125,318.1490173339844,1123.815185546875,674.0885620117188
166,5.533333333333333,cat,0.8988354802131653,492.8538818359375,71.44873809814453,892.4111938476562,681.7805786132812
166,5.533333333333333,cat,0.69465172290802,915.9385375976562,320.0687561035156,1193.365966796875,674.6830444335938
167,5.566666666666666,cat,0.8997781276702881,492.5120849609375,71.16827392578125,891.2578735351562,682.0068969726562
167,5.566666666666666,cat,0.6741187572479248,921.8313598632812,316.20013427734375,1202.069580078125,675.2689208984375
168,5.6,cat,0.8997355699539185,492.3255615234375,71.12361145019531,890.0731201171875,682.24658203125
168,5.6,cat,0.7864359617233276,941.3413696289062,313.89453125,1208.584228515625,674.3596801757812
169,5.633333333333334,cat,0.8983895182609558,492.295166015625,70.93700408935547,889.6372680664062,681.9931030273438
169,5.633333333333334,cat,0.7556725740432739,943.447509765625,314.18707275390625,1209.0360107421875,674.4097900390625
170,5.666666666666667,cat,0.8908469676971436,491.9681701660156,70.78634643554688,889.583984375,681.9666748046875
170,5.666666666666667,cat,0.6180575489997864,959.935546875,316.9638977050781,1211.485107421875,674.068115234375
116,3.8666666666666667,cat,0.4422113597393036,491.9892272949219,69.29778289794922,1043.4832763671875,680.175537109375
116,3.8666666666666667,cat,0.3843839168548584,859.908203125,318.22015380859375,1123.794677734375,673.40283203125
117,3.9,cat,0.4717470109462738,491.8365478515625,69.18635559082031,1092.3267822265625,680.7108764648438
117,3.9,cat,0.3841393291950226,860.6680908203125,318.2161560058594,1123.777587890625,673.3629760742188
118,3.933333333333333,cat,0.4527339041233063,492.12005615234375,69.10704040527344,1112.4700927734375,680.7590942382812
118,3.933333333333333,cat,0.42200466990470886,859.0095825195312,318.3363952636719,1123.921142578125,673.4697875976562
119,3.966666666666667,cat,0.4924996793270111,492.3839416503906,68.74893951416016,1122.6583251953125,680.8292236328125
119,3.966666666666667,cat,0.4165365397930145,859.5116577148438,318.37994384765625,1124.2763671875,673.5238647460938
120,4.0,cat,0.45757338404655457,491.4272766113281,68.88388061523438,1065.8072509765625,681.5733032226562
120,4.0,cat,0.44355425238609314,858.9940795898438,318.4229736328125,1124.44287109375,673.4977416992188
176,5.866666666666666,cat,0.9027004241943359,492.7738952636719,69.3233642578125,889.9624633789062,681.9576416015625
176,5.866666666666666,cat,0.7307605743408203,996.5787963867188,329.1051330566406,1227.984619140625,674.1852416992188
177,5.9,cat,0.9027760624885559,492.7813415527344,69.3589859008789,890.0501708984375,682.0119018554688
177,5.9,cat,0.7296057939529419,995.663818359375,328.1455078125,1230.095703125,674.04345703125
178,5.933333333333334,cat,0.8963634371757507,492.869384765625,69.20545196533203,890.1112670898438,682.3778076171875
178,5.933333333333334,cat,0.7354395985603333,993.47314453125,323.9176025390625,1226.959716796875,674.355224609375
179,5.966666666666667,cat,0.894185483455658,493.0189208984375,69.36164855957031,890.0441284179688,682.6673583984375
179,5.966666666666667,cat,0.7089048027992249,988.5226440429688,320.1594543457031,1220.907470703125,674.3048095703125
180,6.0,cat,0.9070613980293274,491.5574035644531,69.39128112792969,889.7523803710938,681.8726806640625
180,6.0,cat,0.7300273776054382,981.345947265625,318.1426086425781,1211.83203125,674.908203125
125,4.166666666666667,cat,0.6790542006492615,494.5891418457031,68.98174285888672,897.902099609375,680.668701171875
125,4.166666666666667,cat,0.47171446681022644,853.4678344726562,318.4134216308594,1124.757568359375,673.8579711914062
126,4.2,cat,0.7280122637748718,494.46435546875,69.29865264892578,896.7029418945312,680.9072265625
126,4.2,cat,0.4867227375507355,849.4413452148438,319.634033203125,1125.0999755859375,674.1369018554688
127,4.233333333333333,cat,0.5582439303398132,492.7579650878906,68.97252655029297,1049.6612548828125,681.3648681640625
127,4.233333333333333,cat,0.29203808307647705,832.5486450195312,321.8757629394531,1125.5037841796875,676.02099609375
128,4.266666666666667,cat,0.7031220197677612,491.6285705566406,68.77665710449219,1101.98876953125,681.090576171875
129,4.3,cat,0.704419732093811,491.326171875,68.75005340576172,1124.718017578125,681.124267578125
130,4.333333333333333,cat,0.7003873586654663,493.0830078125,69.1459732055664,996.4335327148438,681.4581298828125
130,4.333333333333333,cat,0.4324643015861511,821.11328125,328.2736511230469,1131.9906005859375,675.8555297851562
186,6.2,cat,0.9141756296157837,494.2445068359375,69.35523223876953,889.4536743164062,681.0445556640625
186,6.2,cat,0.8460709452629089,879.6620483398438,284.54052734375,1203.2022705078125,676.473388671875
187,6.233333333333333,cat,0.9070578813552856,493.6180725097656,69.05209350585938,889.3450317382812,680.5066528320312
187,6.233333333333333,cat,0.8527563214302063,861.1781005859375,280.9081726074219,1207.29736328125,676.2057495117188
188,6.266666666666667,cat,0.9076984524726868,493.5546875,68.53348541259766,890.0164184570312,680.6646728515625
188,6.266666666666667,cat,0.8686100840568542,842.4329833984375,278.46917724609375,1207.12109375,678.3297729492188
189,6.3,cat,0.9074194431304932,493.51177978515625,68.32501983642578,890.2484741210938,680.6828002929688
189,6.3,cat,0.8679261803627014,835.0323486328125,277.60894775390625,1207.0841064453125,679.1416625976562
190,6.333333333333333,cat,0.906619668006897,493.8250732421875,68.93310546875,890.0135498046875,680.2179565429688
190,6.333333333333333,cat,0.8533775210380554,821.35107421875,276.0570068359375,1207.3018798828125,678.115966796875
136,4.533333333333333,cat,0.9003866314888,493.0087585449219,70.43280029296875,895.5107421875,679.8785400390625
136,4.533333333333333,cat,0.5142967104911804,802.0938110351562,333.3584289550781,1134.21875,670.6697387695312
137,4.566666666666666,cat,0.8951865434646606,493.2704772949219,70.37710571289062,895.1558837890625,680.502685546875
137,4.566666666666666,cat,0.45814603567123413,806.8447875976562,339.3641052246094,1128.534912109375,671.523681640625
138,4.6,cat,0.8898427486419678,493.39703369140625,70.16358184814453,894.6679077148438,680.6721801757812
138,4.6,cat,0.5665319561958313,811.0932006835938,352.5828857421875,1115.890380859375,672.5681762695312
139,4.633333333333334,cat,0.8924819231033325,493.8564453125,69.29265594482422,895.5416259765625,680.599609375
139,4.633333333333334,cat,0.4730127155780792,817.6089477539062,367.38348388671875,1104.36474609375,673.3541259765625
140,4.666666666666667,cat,0.894376277923584,494.7738037109375,67.09027099609375,896.5844116210938,680.82421875
140,4.666666666666667,cat,0.5278451442718506,808.9885864257812,382.16265869140625,1099.41650390625,674.2769775390625
196,6.533333333333333,cat,0.8929498195648193,494.8564758300781,69.41472625732422,888.44384765625,679.429931640625
196,6.533333333333333,cat,0.8184726238250732,787.6375732421875,318.8667907714844,1193.8895263671875,678.1015014648438
197,6.566666666666666,cat,0.8937957286834717,494.71343994140625,69.39812469482422,889.2433471679688,679.7353515625
197,6.566666666666666,cat,0.8591694235801697,780.9476928710938,315.1278381347656,1192.5789794921875,677.932861328125
198,6.6,cat,0.8923801183700562,494.5179443359375,69.00785827636719,886.62255859375,679.669677734375
198,6.6,cat,0.8454797863960266,779.2719116210938,304.53570556640625,1192.26611328125,677.8375854492188
199,6.633333333333334,cat,0.8856291174888611,494.5145568847656,69.15284729003906,885.0654296875,679.52734375
199,6.633333333333334,cat,0.877953827381134,773.5272216796875,292.81854248046875,1192.8631591796875,677.8192749023438
200,6.666666666666667,cat,0.8725544214248657,494.6285400390625,69.22392272949219,881.9640502929688,679.2117919921875
200,6.666666666666667,cat,0.7964869737625122,771.246826171875,282.6518859863281,1189.3365478515625,677.4774169921875
146,4.866666666666666,cat,0.8228425979614258,499.67694091796875,70.58331298828125,901.4938354492188,681.960693359375
146,4.866666666666666,cat,0.2909223139286041,889.0110473632812,373.1755065917969,1138.1689453125,675.7328491210938
147,4.9,cat,0.824748694896698,498.58935546875,70.61614990234375,901.9459228515625,682.3532104492188
147,4.9,cat,0.3006088137626648,887.681396484375,369.8400573730469,1140.25146484375,674.868408203125
148,4.933333333333334,cat,0.8899098634719849,497.1805419921875,70.44278717041016,898.0565795898438,681.3477172851562
148,4.933333333333334,cat,0.5676131844520569,835.7692260742188,365.9532775878906,1143.0635986328125,675.6875610351562
149,4.966666666666667,cat,0.9078866839408875,496.1536865234375,70.65521240234375,894.7823486328125,680.7003784179688
149,4.966666666666667,cat,0.6212543845176697,824.5100708007812,368.6556091308594,1136.393798828125,674.47607421875
150,5.0,cat,0.9032250642776489,494.3307189941406,71.5534896850586,892.63720703125,680.553955078125
150,5.0,cat,0.6336462497711182,821.6921997070312,370.06622314453125,1133.5986328125,673.933349609375
205,6.833333333333333,cat,0.5234352946281433,788.1900024414062,300.9896545410156,1151.4571533203125,676.1585083007812
206,6.866666666666666,cat,0.8694732785224915,495.45465087890625,69.05620574951172,888.7674560546875,678.782470703125
206,6.866666666666666,cat,0.7934421896934509,782.8692626953125,302.1274108886719,1150.711669921875,675.8634033203125
207,6.9,cat,0.8701511025428772,494.92333984375,69.140625,889.0272827148438,679.1192016601562
207,6.9,cat,0.7932098507881165,781.004638671875,302.3549499511719,1150.7490234375,675.6298217773438
208,6.933333333333334,cat,0.7910796403884888,495.7115478515625,70.21987915039062,891.033203125,678.3532104492188
208,6.933333333333334,cat,0.52587890625,777.5975341796875,295.792724609375,1150.9951171875,674.62890625
209,6.966666666666667,cat,0.8142967820167542,496.838134765625,70.15119171142578,887.7846069335938,679.4591064453125
209,6.966666666666667,cat,0.6179476976394653,772.7571411132812,285.20794677734375,1151.260986328125,675.2169799804688
210,7.0,cat,0.7102157473564148,496.8793029785156,70.37678527832031,1056.3170166015625,679.4769897460938
156,5.2,cat,0.9109259843826294,492.47052001953125,72.89156341552734,892.1193237304688,680.521484375
156,5.2,cat,0.3052047789096832,865.0982055664062,334.0874328613281,1146.13525390625,672.7228393554688
157,5.233333333333333,cat,0.909641683101654,492.9638977050781,73.0849380493164,892.0138549804688,680.6948852539062
157,5.233333333333333,cat,0.38666751980781555,857.302001953125,327.7897644042969,1149.4783935546875,673.7433471679688
158,5.266666666666667,cat,0.9128267168998718,493.42584228515625,73.28752899169922,891.8629760742188,681.2283325195312
158,5.266666666666667,cat,0.719968318939209,868.6162719726562,328.83013916015625,1152.9940185546875,674.3479614257812
159,5.3,cat,0.9123075604438782,493.52557373046875,73.26361083984375,891.76953125,681.4811401367188
159,5.3,cat,0.7185314893722534,872.3758544921875,329.3526306152344,1154.24755859375,674.6549682617188
160,5.333333333333333,cat,0.9098486304283142,492.7629699707031,73.01880645751953,891.51171875,682.4967041015625
160,5.333333333333333,cat,0.734060525894165,887.2503051757812,335.0084228515625,1156.51318359375,675.08349609375
211,7.033333333333333,cat,0.6832613945007324,495.9559326171875,69.84835815429688,1100.945068359375,678.4649047851562
212,7.066666666666666,cat,0.7200771570205688,494.1308898925781,71.34968566894531,1106.13037109375,678.559814453125
213,7.1,cat,0.707965612411499,492.83941650390625,71.7535400390625,1107.46044921875,678.3468627929688
214,7.133333333333334,cat,0.8766761422157288,495.2549743652344,72.06425476074219,981.1852416992188,679.2238159179688
215,7.166666666666667,cat,0.786587119102478,495.4845886230469,72.42814636230469,954.4158935546875,679.398681640625
216,7.2,cat,0.8565899729728699,496.3494873046875,72.32267761230469,980.3916625976562,678.9492797851562
217,7.233333333333333,cat,0.8352776169776917,497.5694580078125,72.46920776367188,962.3810424804688,678.7175903320312
218,7.266666666666667,cat,0.8820143342018127,499.2958068847656,72.30914306640625,933.0392456054688,680.3218994140625
219,7.3,cat,0.8830254673957825,499.6798400878906,72.14518737792969,921.8204345703125,681.0306396484375
220,7.333333333333333,cat,0.8825670480728149,499.0378723144531,73.43810272216797,914.46044921875,679.8670654296875
166,5.533333333333333,cat,0.8988354802131653,492.8538818359375,71.44873809814453,892.4111938476562,681.7805786132812
166,5.533333333333333,cat,0.69465172290802,915.9385375976562,320.0687561035156,1193.365966796875,674.6830444335938
167,5.566666666666666,cat,0.8997781276702881,492.5120849609375,71.16827392578125,891.2578735351562,682.0068969726562
167,5.566666666666666,cat,0.6741187572479248,921.8313598632812,316.20013427734375,1202.069580078125,675.2689208984375
168,5.6,cat,0.8997355699539185,492.3255615234375,71.12361145019531,890.0731201171875,682.24658203125
168,5.6,cat,0.7864359617233276,941.3413696289062,313.89453125,1208.584228515625,674.3596801757812
169,5.633333333333334,cat,0.8983895182609558,492.295166015625,70.93700408935547,889.6372680664062,681.9931030273438
169,5.633333333333334,cat,0.7556725740432739,943.447509765625,314.18707275390625,1209.0360107421875,674.4097900390625
170,5.666666666666667,cat,0.8908469676971436,491.9681701660156,70.78634643554688,889.583984375,681.9666748046875
170,5.666666666666667,cat,0.6180575489997864,959.935546875,316.9638977050781,1211.485107421875,674.068115234375
221,7.366666666666666,cat,0.887389063835144,500.0335388183594,73.1114273071289,909.573486328125,680.8510131835938
222,7.4,cat,0.8872057199478149,500.4248352050781,72.68761444091797,901.8477783203125,680.9728393554688
223,7.433333333333334,cat,0.8916226625442505,500.1104431152344,73.17938232421875,894.5804443359375,679.75390625
224,7.466666666666667,cat,0.8944361209869385,499.9646301269531,73.53968811035156,892.010009765625,679.7801513671875
225,7.5,cat,0.8940899968147278,499.8821716308594,73.5741958618164,891.1203002929688,679.7911376953125
226,7.533333333333333,cat,0.8922590017318726,500.137939453125,73.88472747802734,889.0303344726562,679.685791015625
227,7.566666666666666,cat,0.8959934711456299,500.4206848144531,73.76394653320312,886.3929443359375,679.4608154296875
228,7.6,cat,0.900611400604248,500.5113220214844,73.8148193359375,885.7296142578125,679.59423828125
229,7.633333333333334,cat,0.9011014103889465,500.7616271972656,73.79511260986328,885.9028930664062,679.5263061523438
230,7.666666666666667,cat,0.9052348732948303,499.7162170410156,73.57962799072266,886.6205444335938,679.5281372070312
176,5.866666666666666,cat,0.9027004241943359,492.7738952636719,69.3233642578125,889.9624633789062,681.9576416015625
176,5.866666666666666,cat,0.7307605743408203,996.5787963867188,329.1051330566406,1227.984619140625,674.1852416992188
177,5.9,cat,0.9027760624885559,492.7813415527344,69.3589859008789,890.0501708984375,682.0119018554688
177,5.9,cat,0.7296057939529419,995.663818359375,328.1455078125,1230.095703125,674.04345703125
178,5.933333333333334,cat,0.8963634371757507,492.869384765625,69.20545196533203,890.1112670898438,682.3778076171875
178,5.933333333333334,cat,0.7354395985603333,993.47314453125,323.9176025390625,1226.959716796875,674.355224609375
179,5.966666666666667,cat,0.894185483455658,493.0189208984375,69.36164855957031,890.0441284179688,682.6673583984375
179,5.966666666666667,cat,0.7089048027992249,988.5226440429688,320.1594543457031,1220.907470703125,674.3048095703125
180,6.0,cat,0.9070613980293274,491.5574035644531,69.39128112792969,889.7523803710938,681.8726806640625
180,6.0,cat,0.7300273776054382,981.345947265625,318.1426086425781,1211.83203125,674.908203125
231,7.7,cat,0.9049611687660217,499.4674987792969,73.48737335205078,886.9883422851562,679.5224609375
232,7.733333333333333,cat,0.9076642990112305,498.56060791015625,74.04412078857422,887.339599609375,679.790771484375
233,7.766666666666667,cat,0.904443621635437,498.2611083984375,74.274169921875,887.8757934570312,679.6500244140625
234,7.8,cat,0.8993285298347473,498.26361083984375,74.33672332763672,888.6036987304688,679.3596801757812
235,7.833333333333333,cat,0.905158281326294,497.3074951171875,74.553466796875,888.7341918945312,679.583740234375
236,7.866666666666666,cat,0.9042184352874756,497.31829833984375,75.6431884765625,889.01171875,679.507080078125
237,7.9,cat,0.9030838012695312,497.1391906738281,76.2149429321289,889.2719116210938,679.455322265625
238,7.933333333333334,cat,0.9006724953651428,497.2341003417969,76.6565933227539,890.0526733398438,679.9452514648438
239,7.966666666666667,cat,0.9089699983596802,497.2673645019531,76.27778625488281,890.1676635742188,680.0405883789062
240,8.0,cat,0.9055824875831604,496.8171081542969,76.4591064453125,890.1661987304688,680.284912109375
186,6.2,cat,0.9141756296157837,494.2445068359375,69.35523223876953,889.4536743164062,681.0445556640625
186,6.2,cat,0.8460709452629089,879.6620483398438,284.54052734375,1203.2022705078125,676.473388671875
187,6.233333333333333,cat,0.9070578813552856,493.6180725097656,69.05209350585938,889.3450317382812,680.5066528320312
187,6.233333333333333,cat,0.8527563214302063,861.1781005859375,280.9081726074219,1207.29736328125,676.2057495117188
188,6.266666666666667,cat,0.9076984524726868,493.5546875,68.53348541259766,890.0164184570312,680.6646728515625
188,6.266666666666667,cat,0.8686100840568542,842.4329833984375,278.46917724609375,1207.12109375,678.3297729492188
189,6.3,cat,0.9074194431304932,493.51177978515625,68.32501983642578,890.2484741210938,680.6828002929688
189,6.3,cat,0.8679261803627014,835.0323486328125,277.60894775390625,1207.0841064453125,679.1416625976562
190,6.333333333333333,cat,0.906619668006897,493.8250732421875,68.93310546875,890.0135498046875,680.2179565429688
190,6.333333333333333,cat,0.8533775210380554,821.35107421875,276.0570068359375,1207.3018798828125,678.115966796875
241,8.033333333333333,cat,0.9029808640480042,498.55987548828125,76.54643249511719,890.0803833007812,680.2811889648438
242,8.066666666666666,cat,0.8828737139701843,500.22882080078125,77.44131469726562,891.3477172851562,680.0828247070312
243,8.1,cat,0.8820194005966187,498.7561340332031,77.5387954711914,891.8685913085938,679.9427490234375
244,8.133333333333333,cat,0.9037708044052124,498.1349182128906,74.71328735351562,893.312255859375,679.807861328125
245,8.166666666666666,cat,0.8896931409835815,477.1719055175781,65.68757629394531,895.6453857421875,680.0226440429688
246,8.2,cat,0.8997964262962341,460.5397033691406,58.45135498046875,898.2373657226562,679.2037353515625
247,8.233333333333333,cat,0.883155107498169,447.4605407714844,52.44544219970703,899.39892578125,678.3452758789062
248,8.266666666666667,cat,0.8588330745697021,435.9557800292969,41.377479553222656,897.3694458007812,678.9871826171875
249,8.3,cat,0.8583440184593201,431.2220458984375,37.68158721923828,896.2818603515625,679.2885131835938
250,8.333333333333334,cat,0.8848731517791748,429.1301574707031,20.062097549438477,893.4970703125,679.0284423828125
196,6.533333333333333,cat,0.8929498195648193,494.8564758300781,69.41472625732422,888.44384765625,679.429931640625
196,6.533333333333333,cat,0.8184726238250732,787.6375732421875,318.8667907714844,1193.8895263671875,678.1015014648438
197,6.566666666666666,cat,0.8937957286834717,494.71343994140625,69.39812469482422,889.2433471679688,679.7353515625
197,6.566666666666666,cat,0.8591694235801697,780.9476928710938,315.1278381347656,1192.5789794921875,677.932861328125
198,6.6,cat,0.8923801183700562,494.5179443359375,69.00785827636719,886.62255859375,679.669677734375
198,6.6,cat,0.8454797863960266,779.2719116210938,304.53570556640625,1192.26611328125,677.8375854492188
199,6.633333333333334,cat,0.8856291174888611,494.5145568847656,69.15284729003906,885.0654296875,679.52734375
199,6.633333333333334,cat,0.877953827381134,773.5272216796875,292.81854248046875,1192.8631591796875,677.8192749023438
200,6.666666666666667,cat,0.8725544214248657,494.6285400390625,69.22392272949219,881.9640502929688,679.2117919921875
200,6.666666666666667,cat,0.7964869737625122,771.246826171875,282.6518859863281,1189.3365478515625,677.4774169921875
251,8.366666666666667,cat,0.8970495462417603,431.8198547363281,7.656845569610596,891.7570190429688,678.2862548828125
252,8.4,cat,0.89080810546875,445.5122985839844,1.956305980682373,890.6156616210938,678.3804321289062
253,8.433333333333334,cat,0.8812457323074341,460.18292236328125,5.199742794036865,889.6754150390625,678.9595336914062
254,8.466666666666667,cat,0.8601140379905701,474.188720703125,16.683021545410156,888.7870483398438,680.284912109375
255,8.5,cat,0.8593004941940308,478.3040771484375,21.91952133178711,888.0347900390625,680.9464721679688
256,8.533333333333333,cat,0.9094520807266235,487.5088806152344,34.41387939453125,887.399169921875,680.7033081054688
257,8.566666666666666,cat,0.8583644032478333,497.6123046875,50.755943298339844,886.8424682617188,679.5095825195312
258,8.6,cat,0.821861982345581,500.61016845703125,61.37660598754883,886.6510620117188,679.7086791992188
259,8.633333333333333,cat,0.43125107884407043,496.86846923828125,67.66732025146484,885.7394409179688,680.2301025390625
260,8.666666666666666,cat,0.3717474043369293,488.3695983886719,73.36271667480469,884.7996826171875,680.2379150390625
205,6.833333333333333,cat,0.5234352946281433,788.1900024414062,300.9896545410156,1151.4571533203125,676.1585083007812
206,6.866666666666666,cat,0.8694732785224915,495.45465087890625,69.05620574951172,888.7674560546875,678.782470703125
206,6.866666666666666,cat,0.7934421896934509,782.8692626953125,302.1274108886719,1150.711669921875,675.8634033203125
207,6.9,cat,0.8701511025428772,494.92333984375,69.140625,889.0272827148438,679.1192016601562
207,6.9,cat,0.7932098507881165,781.004638671875,302.3549499511719,1150.7490234375,675.6298217773438
208,6.933333333333334,cat,0.7910796403884888,495.7115478515625,70.21987915039062,891.033203125,678.3532104492188
208,6.933333333333334,cat,0.52587890625,777.5975341796875,295.792724609375,1150.9951171875,674.62890625
209,6.966666666666667,cat,0.8142967820167542,496.838134765625,70.15119171142578,887.7846069335938,679.4591064453125
209,6.966666666666667,cat,0.6179476976394653,772.7571411132812,285.20794677734375,1151.260986328125,675.2169799804688
210,7.0,cat,0.7102157473564148,496.8793029785156,70.37678527832031,1056.3170166015625,679.4769897460938
259,8.633333333333333,cat,0.43125107884407043,496.86846923828125,67.66732025146484,885.7394409179688,680.2301025390625
260,8.666666666666666,cat,0.3717474043369293,488.3695983886719,73.36271667480469,884.7996826171875,680.2379150390625
261,8.7,cat,0.3787779211997986,485.2236328125,76.1777114868164,883.9130859375,680.5589599609375
262,8.733333333333333,cat,0.5805870890617371,484.4432067871094,77.35261535644531,883.8140869140625,680.5618896484375
265,8.833333333333334,cat,0.5019512176513672,485.8822937011719,75.36011505126953,887.5573120117188,681.878662109375
266,8.866666666666667,cat,0.880858838558197,483.2164611816406,76.92117309570312,887.7671508789062,679.592529296875
267,8.9,cat,0.8811615705490112,488.6065368652344,75.1885757446289,887.4244995117188,680.2136840820312
268,8.933333333333334,cat,0.7941404581069946,485.4161071777344,70.91677856445312,886.301025390625,679.8838500976562
269,8.966666666666667,cat,0.8777719140052795,480.675048828125,62.22346878051758,884.8218994140625,679.9295654296875
270,9.0,cat,0.9022865891456604,479.7330627441406,57.30209732055664,882.2467041015625,680.715087890625
211,7.033333333333333,cat,0.6832613945007324,495.9559326171875,69.84835815429688,1100.945068359375,678.4649047851562
212,7.066666666666666,cat,0.7200771570205688,494.1308898925781,71.34968566894531,1106.13037109375,678.559814453125
213,7.1,cat,0.707965612411499,492.83941650390625,71.7535400390625,1107.46044921875,678.3468627929688
214,7.133333333333334,cat,0.8766761422157288,495.2549743652344,72.06425476074219,981.1852416992188,679.2238159179688
215,7.166666666666667,cat,0.786587119102478,495.4845886230469,72.42814636230469,954.4158935546875,679.398681640625
216,7.2,cat,0.8565899729728699,496.3494873046875,72.32267761230469,980.3916625976562,678.9492797851562
217,7.233333333333333,cat,0.8352776169776917,497.5694580078125,72.46920776367188,962.3810424804688,678.7175903320312
218,7.266666666666667,cat,0.8820143342018127,499.2958068847656,72.30914306640625,933.0392456054688,680.3218994140625
219,7.3,cat,0.8830254673957825,499.6798400878906,72.14518737792969,921.8204345703125,681.0306396484375
220,7.333333333333333,cat,0.8825670480728149,499.0378723144531,73.43810272216797,914.46044921875,679.8670654296875
271,9.033333333333333,cat,0.9071151614189148,487.4283447265625,56.81526184082031,883.323974609375,680.9957275390625
272,9.066666666666666,cat,0.9018987417221069,498.7548828125,56.398311614990234,885.1170654296875,679.8920288085938
273,9.1,cat,0.901050329208374,502.86676025390625,56.13450622558594,885.6909790039062,679.46484375
274,9.133333333333333,cat,0.8955264091491699,505.33197021484375,56.13460922241211,886.2047119140625,678.7684326171875
275,9.166666666666666,cat,0.9061962366104126,506.052490234375,55.35316467285156,887.5438232421875,678.6638793945312
276,9.2,cat,0.897866427898407,505.8090515136719,55.06916809082031,904.3638305664062,678.4000854492188
277,9.233333333333333,cat,0.8995097279548645,505.4535827636719,56.862552642822266,926.0369262695312,680.2527465820312
278,9.266666666666667,cat,0.889861524105072,503.86517333984375,57.8134880065918,928.0198974609375,681.0806274414062
279,9.3,cat,0.8903407454490662,502.8031005859375,57.8324089050293,928.60693359375,681.1045532226562
280,9.333333333333334,cat,0.8926632404327393,501.6900634765625,57.381717681884766,929.96435546875,679.5526733398438
221,7.366666666666666,cat,0.887389063835144,500.0335388183594,73.1114273071289,909.573486328125,680.8510131835938
222,7.4,cat,0.8872057199478149,500.4248352050781,72.68761444091797,901.8477783203125,680.9728393554688
223,7.433333333333334,cat,0.8916226625442505,500.1104431152344,73.17938232421875,894.5804443359375,679.75390625
224,7.466666666666667,cat,0.8944361209869385,499.9646301269531,73.53968811035156,892.010009765625,679.7801513671875
225,7.5,cat,0.8940899968147278,499.8821716308594,73.5741958618164,891.1203002929688,679.7911376953125
226,7.533333333333333,cat,0.8922590017318726,500.137939453125,73.88472747802734,889.0303344726562,679.685791015625
227,7.566666666666666,cat,0.8959934711456299,500.4206848144531,73.76394653320312,886.3929443359375,679.4608154296875
228,7.6,cat,0.900611400604248,500.5113220214844,73.8148193359375,885.7296142578125,679.59423828125
229,7.633333333333334,cat,0.9011014103889465,500.7616271972656,73.79511260986328,885.9028930664062,679.5263061523438
230,7.666666666666667,cat,0.9052348732948303,499.7162170410156,73.57962799072266,886.6205444335938,679.5281372070312
281,9.366666666666667,cat,0.8830021023750305,499.9837951660156,57.384559631347656,930.9523315429688,677.71435546875
282,9.4,cat,0.8841941356658936,497.9340515136719,58.82020568847656,941.5634155273438,679.1218872070312
283,9.433333333333334,cat,0.8907288312911987,496.2875061035156,61.35079574584961,954.2095947265625,680.3348999023438
284,9.466666666666667,cat,0.8991149067878723,487.72955322265625,68.23484802246094,952.2444458007812,680.0794067382812
285,9.5,cat,0.8994687795639038,483.5602722167969,71.34696960449219,951.0316772460938,679.6845703125
286,9.533333333333333,cat,0.9088564515113831,478.0682067871094,74.28872680664062,949.802978515625,681.030517578125
287,9.566666666666666,cat,0.9093413949012756,472.1732482910156,75.51277923583984,948.318359375,680.3016357421875
288,9.6,cat,0.8711109161376953,466.10260009765625,74.16862487792969,948.8683471679688,680.7418212890625
289,9.633333333333333,cat,0.5124590992927551,468.5009765625,83.47976684570312,947.3840942382812,682.6727905273438
290,9.666666666666666,cat,0.853780210018158,470.5770568847656,96.25762176513672,950.793701171875,681.065185546875
231,7.7,cat,0.9049611687660217,499.4674987792969,73.48737335205078,886.9883422851562,679.5224609375
232,7.733333333333333,cat,0.9076642990112305,498.56060791015625,74.04412078857422,887.339599609375,679.790771484375
233,7.766666666666667,cat,0.904443621635437,498.2611083984375,74.274169921875,887.8757934570312,679.6500244140625
234,7.8,cat,0.8993285298347473,498.26361083984375,74.33672332763672,888.6036987304688,679.3596801757812
235,7.833333333333333,cat,0.905158281326294,497.3074951171875,74.553466796875,888.7341918945312,679.583740234375
236,7.866666666666666,cat,0.9042184352874756,497.31829833984375,75.6431884765625,889.01171875,679.507080078125
237,7.9,cat,0.9030838012695312,497.1391906738281,76.2149429321289,889.2719116210938,679.455322265625
238,7.933333333333334,cat,0.9006724953651428,497.2341003417969,76.6565933227539,890.0526733398438,679.9452514648438
239,7.966666666666667,cat,0.9089699983596802,497.2673645019531,76.27778625488281,890.1676635742188,680.0405883789062
240,8.0,cat,0.9055824875831604,496.8171081542969,76.4591064453125,890.1661987304688,680.284912109375
291,9.7,cat,0.8556516766548157,471.3161926269531,100.9224624633789,951.9009399414062,680.421875
292,9.733333333333333,cat,0.760574996471405,467.1130065917969,105.32927703857422,953.9785766601562,680.6497802734375
293,9.766666666666667,cat,0.827110767364502,466.1666564941406,105.71217346191406,956.60302734375,682.07861328125
294,9.8,cat,0.7879475951194763,466.4637756347656,105.45648193359375,961.9774780273438,682.9742431640625
295,9.833333333333334,cat,0.8927450180053711,470.7078857421875,105.35971069335938,974.7086181640625,684.9939575195312
296,9.866666666666667,cat,0.9139320850372314,475.4737854003906,103.73542022705078,994.7702026367188,686.0132446289062
297,9.9,cat,0.9138876795768738,476.18316650390625,103.36558532714844,1002.1710205078125,685.6721801757812
298,9.933333333333334,cat,0.8984619975090027,477.56329345703125,101.69013977050781,1028.0767822265625,687.4322509765625
299,9.966666666666667,cat,0.7889794707298279,477.4815979003906,103.34283447265625,1044.85107421875,688.2064208984375
300,10.0,cat,0.8632400631904602,478.9039611816406,103.30316925048828,1029.329833984375,687.2601928710938
241,8.033333333333333,cat,0.9029808640480042,498.55987548828125,76.54643249511719,890.0803833007812,680.2811889648438
242,8.066666666666666,cat,0.8828737139701843,500.22882080078125,77.44131469726562,891.3477172851562,680.0828247070312
243,8.1,cat,0.8820194005966187,498.7561340332031,77.5387954711914,891.8685913085938,679.9427490234375
244,8.133333333333333,cat,0.9037708044052124,498.1349182128906,74.71328735351562,893.312255859375,679.807861328125
245,8.166666666666666,cat,0.8896931409835815,477.1719055175781,65.68757629394531,895.6453857421875,680.0226440429688
246,8.2,cat,0.8997964262962341,460.5397033691406,58.45135498046875,898.2373657226562,679.2037353515625
247,8.233333333333333,cat,0.883155107498169,447.4605407714844,52.44544219970703,899.39892578125,678.3452758789062
248,8.266666666666667,cat,0.8588330745697021,435.9557800292969,41.377479553222656,897.3694458007812,678.9871826171875
249,8.3,cat,0.8583440184593201,431.2220458984375,37.68158721923828,896.2818603515625,679.2885131835938
250,8.333333333333334,cat,0.8848731517791748,429.1301574707031,20.062097549438477,893.4970703125,679.0284423828125
306,10.2,cat,0.9030579924583435,489.04827880859375,97.33434295654297,895.7979736328125,686.7346801757812
306,10.2,cat,0.7301698327064514,813.3944702148438,143.936279296875,1070.7578125,686.8530883789062
307,10.233333333333333,cat,0.9081300497055054,493.96649169921875,95.83268737792969,896.5723876953125,687.3547973632812
307,10.233333333333333,cat,0.7495402693748474,809.7444458007812,146.31375122070312,1106.275634765625,686.185791015625
308,10.266666666666667,cat,0.8785904049873352,494.9775390625,92.71217346191406,899.21484375,685.206787109375
308,10.266666666666667,cat,0.6522678136825562,799.5112915039062,146.67514038085938,1134.172119140625,686.17041015625
309,10.3,cat,0.8780634999275208,494.4609680175781,91.89769744873047,899.880859375,684.210205078125
309,10.3,cat,0.6629043221473694,794.1239013671875,146.73483276367188,1143.93310546875,685.91455078125
310,10.333333333333334,cat,0.8644456267356873,493.7413330078125,87.03878784179688,900.063720703125,684.0018310546875
310,10.333333333333334,cat,0.8528281450271606,795.0869750976562,149.92884826660156,1164.265380859375,686.9825439453125
251,8.366666666666667,cat,0.8970495462417603,431.8198547363281,7.656845569610596,891.7570190429688,678.2862548828125
252,8.4,cat,0.89080810546875,445.5122985839844,1.956305980682373,890.6156616210938,678.3804321289062
253,8.433333333333334,cat,0.8812457323074341,460.18292236328125,5.199742794036865,889.6754150390625,678.9595336914062
254,8.466666666666667,cat,0.8601140379905701,474.188720703125,16.683021545410156,888.7870483398438,680.284912109375
255,8.5,cat,0.8593004941940308,478.3040771484375,21.91952133178711,888.0347900390625,680.9464721679688
256,8.533333333333333,cat,0.9094520807266235,487.5088806152344,34.41387939453125,887.399169921875,680.7033081054688
257,8.566666666666666,cat,0.8583644032478333,497.6123046875,50.755943298339844,886.8424682617188,679.5095825195312
258,8.6,cat,0.821861982345581,500.61016845703125,61.37660598754883,886.6510620117188,679.7086791992188
259,8.633333333333333,cat,0.43125107884407043,496.86846923828125,67.66732025146484,885.7394409179688,680.2301025390625
260,8.666666666666666,cat,0.3717474043369293,488.3695983886719,73.36271667480469,884.7996826171875,680.2379150390625
315,10.5,cat,0.7438639998435974,799.874755859375,159.3566131591797,1260.185302734375,680.5407104492188
316,10.533333333333333,cat,0.8658328056335449,510.5748291015625,71.8905258178711,895.4318237304688,683.7193603515625
316,10.533333333333333,cat,0.6706967353820801,788.0965576171875,162.8907012939453,1276.2066650390625,679.4466552734375
317,10.566666666666666,cat,0.4638262689113617,513.8699340820312,73.034423828125,896.2738037109375,683.001220703125
317,10.566666666666666,cat,0.5504544377326965,787.89501953125,172.47003173828125,1280.0,680.523193359375
318,10.6,cat,0.6744317412376404,519.7424926757812,73.17445373535156,894.0636596679688,684.3164672851562
318,10.6,cat,0.4907277524471283,617.297607421875,106.33049774169922,1280.0,687.332275390625
319,10.633333333333333,cat,0.8026392459869385,551.6487426757812,82.91732025146484,1280.0,686.9151611328125
320,10.666666666666666,cat,0.8112586140632629,521.695068359375,72.205322265625,1280.0,686.2196655273438
320,10.666666666666666,cat,0.35749250650405884,515.2125244140625,72.99681854248047,889.4596557617188,683.1801147460938
259,8.633333333333333,cat,0.43125107884407043,496.86846923828125,67.66732025146484,885.7394409179688,680.2301025390625
260,8.666666666666666,cat,0.3717474043369293,488.3695983886719,73.36271667480469,884.7996826171875,680.2379150390625
261,8.7,cat,0.3787779211997986,485.2236328125,76.1777114868164,883.9130859375,680.5589599609375
262,8.733333333333333,cat,0.5805870890617371,484.4432067871094,77.35261535644531,883.8140869140625,680.5618896484375
265,8.833333333333334,cat,0.5019512176513672,485.8822937011719,75.36011505126953,887.5573120117188,681.878662109375
266,8.866666666666667,cat,0.880858838558197,483.2164611816406,76.92117309570312,887.7671508789062,679.592529296875
267,8.9,cat,0.8811615705490112,488.6065368652344,75.1885757446289,887.4244995117188,680.2136840820312
268,8.933333333333334,cat,0.7941404581069946,485.4161071777344,70.91677856445312,886.301025390625,679.8838500976562
269,8.966666666666667,cat,0.8777719140052795,480.675048828125,62.22346878051758,884.8218994140625,679.9295654296875
270,9.0,cat,0.9022865891456604,479.7330627441406,57.30209732055664,882.2467041015625,680.715087890625
326,10.866666666666667,cat,0.5397937893867493,591.3632202148438,86.72575378417969,1280.0,684.3289184570312
326,10.866666666666667,cat,0.7131306529045105,510.46246337890625,73.24376678466797,809.0560913085938,682.885986328125
327,10.9,cat,0.5364025235176086,542.0577392578125,77.19686889648438,1280.0,686.1021728515625
327,10.9,cat,0.7219030857086182,511.8112487792969,73.00920104980469,806.6419067382812,683.37939453125
328,10.933333333333334,cat,0.713935911655426,680.9572143554688,93.78739166259766,1280.0,683.6651000976562
328,10.933333333333334,cat,0.744843065738678,512.4649047851562,72.92406463623047,803.0110473632812,683.1575927734375
329,10.966666666666667,cat,0.7177149653434753,754.0449829101562,98.27520751953125,1280.0,684.5767822265625
329,10.966666666666667,cat,0.6712285876274109,512.765380859375,73.0118637084961,808.4541625976562,683.2269287109375
330,11.0,cat,0.8765439391136169,791.5068969726562,100.8498764038086,1280.0,685.2157592773438
330,11.0,cat,0.8846082091331482,512.9220581054688,72.83033752441406,860.7528686523438,685.4646606445312
271,9.033333333333333,cat,0.9071151614189148,487.4283447265625,56.81526184082031,883.323974609375,680.9957275390625
272,9.066666666666666,cat,0.9018987417221069,498.7548828125,56.398311614990234,885.1170654296875,679.8920288085938
273,9.1,cat,0.901050329208374,502.86676025390625,56.13450622558594,885.6909790039062,679.46484375
274,9.133333333333333,cat,0.8955264091491699,505.33197021484375,56.13460922241211,886.2047119140625,678.7684326171875
275,9.166666666666666,cat,0.9061962366104126,506.052490234375,55.35316467285156,887.5438232421875,678.6638793945312
276,9.2,cat,0.897866427898407,505.8090515136719,55.06916809082031,904.3638305664062,678.4000854492188
277,9.233333333333333,cat,0.8995097279548645,505.4535827636719,56.862552642822266,926.0369262695312,680.2527465820312
278,9.266666666666667,cat,0.889861524105072,503.86517333984375,57.8134880065918,928.0198974609375,681.0806274414062
279,9.3,cat,0.8903407454490662,502.8031005859375,57.8324089050293,928.60693359375,681.1045532226562
280,9.333333333333334,cat,0.8926632404327393,501.6900634765625,57.381717681884766,929.96435546875,679.5526733398438
336,11.2,cat,0.7012379169464111,840.7958374023438,175.590087890625,1279.33740234375,683.4032592773438
336,11.2,cat,0.8911025524139404,517.5266723632812,77.04220581054688,888.6624755859375,684.0380249023438
337,11.233333333333333,cat,0.5238059759140015,829.5323486328125,180.56822204589844,1279.8123779296875,638.720458984375
337,11.233333333333333,cat,0.8778554797172546,515.242431640625,74.26988220214844,889.6073608398438,683.4400024414062
338,11.266666666666667,cat,0.5190008878707886,823.6296997070312,190.66456604003906,1280.0,649.5276489257812
338,11.266666666666667,cat,0.8501130938529968,514.4251708984375,75.66885375976562,888.2348022460938,683.1953125
339,11.3,cat,0.5263339877128601,820.9523315429688,193.78102111816406,1279.9697265625,656.0140380859375
339,11.3,cat,0.8495639562606812,513.7698974609375,76.05679321289062,887.58154296875,682.8856201171875
340,11.333333333333334,cat,0.5865827202796936,799.3616943359375,198.5818328857422,1280.0,636.853759765625
340,11.333333333333334,cat,0.8710733652114868,513.3245239257812,78.18553161621094,888.7625732421875,683.5730590820312
281,9.366666666666667,cat,0.8830021023750305,499.9837951660156,57.384559631347656,930.9523315429688,677.71435546875
282,9.4,cat,0.8841941356658936,497.9340515136719,58.82020568847656,941.5634155273438,679.1218872070312
283,9.433333333333334,cat,0.8907288312911987,496.2875061035156,61.35079574584961,954.2095947265625,680.3348999023438
284,9.466666666666667,cat,0.8991149067878723,487.72955322265625,68.23484802246094,952.2444458007812,680.0794067382812
285,9.5,cat,0.8994687795639038,483.5602722167969,71.34696960449219,951.0316772460938,679.6845703125
286,9.533333333333333,cat,0.9088564515113831,478.0682067871094,74.28872680664062,949.802978515625,681.030517578125
287,9.566666666666666,cat,0.9093413949012756,472.1732482910156,75.51277923583984,948.318359375,680.3016357421875
288,9.6,cat,0.8711109161376953,466.10260009765625,74.16862487792969,948.8683471679688,680.7418212890625
289,9.633333333333333,cat,0.5124590992927551,468.5009765625,83.47976684570312,947.3840942382812,682.6727905273438
290,9.666666666666666,cat,0.853780210018158,470.5770568847656,96.25762176513672,950.793701171875,681.065185546875
346,11.533333333333333,cat,0.8419919013977051,837.2343139648438,87.03260040283203,1279.5799560546875,684.75439453125
346,11.533333333333333,cat,0.8983766436576843,510.61090087890625,84.35639953613281,887.8071899414062,682.38427734375
347,11.566666666666666,cat,0.873236358165741,857.8018798828125,86.18631744384766,1279.2813720703125,683.8021240234375
347,11.566666666666666,cat,0.8931787610054016,510.4830017089844,84.92115020751953,888.0139770507812,682.4822998046875
348,11.6,cat,0.8473686575889587,872.663330078125,100.39227294921875,1279.1663818359375,681.3878173828125
348,11.6,cat,0.8996214270591736,510.8153991699219,84.92464447021484,887.6007080078125,682.3674926757812
349,11.633333333333333,cat,0.5357187390327454,890.093017578125,111.4622573852539,1279.346923828125,666.3968505859375
349,11.633333333333333,cat,0.9071566462516785,510.7478332519531,84.96453857421875,884.5198364257812,681.9774780273438
350,11.666666666666666,cat,0.32246097922325134,909.263916015625,123.89874267578125,1278.9796142578125,578.3222045898438
350,11.666666666666666,cat,0.8929874300956726,509.7890625,84.06163787841797,885.5176391601562,681.7434692382812
291,9.7,cat,0.8556516766548157,471.3161926269531,100.9224624633789,951.9009399414062,680.421875
292,9.733333333333333,cat,0.760574996471405,467.1130065917969,105.32927703857422,953.9785766601562,680.6497802734375
293,9.766666666666667,cat,0.827110767364502,466.1666564941406,105.71217346191406,956.60302734375,682.07861328125
294,9.8,cat,0.7879475951194763,466.4637756347656,105.45648193359375,961.9774780273438,682.9742431640625
295,9.833333333333334,cat,0.8927450180053711,470.7078857421875,105.35971069335938,974.7086181640625,684.9939575195312
296,9.866666666666667,cat,0.9139320850372314,475.4737854003906,103.73542022705078,994.7702026367188,686.0132446289062
297,9.9,cat,0.9138876795768738,476.18316650390625,103.36558532714844,1002.1710205078125,685.6721801757812
298,9.933333333333334,cat,0.8984619975090027,477.56329345703125,101.69013977050781,1028.0767822265625,687.4322509765625
299,9.966666666666667,cat,0.7889794707298279,477.4815979003906,103.34283447265625,1044.85107421875,688.2064208984375
300,10.0,cat,0.8632400631904602,478.9039611816406,103.30316925048828,1029.329833984375,687.2601928710938
353,11.766666666666667,cat,0.5134497284889221,979.1776733398438,107.2385025024414,1278.9376220703125,556.5504760742188
353,11.766666666666667,cat,0.8942376971244812,510.0303649902344,83.99396514892578,889.2114868164062,681.8831176757812
354,11.8,cat,0.5783030390739441,1025.1221923828125,88.64608764648438,1279.1439208984375,526.501953125
354,11.8,cat,0.9061976075172424,510.3647155761719,83.32891845703125,889.8689575195312,681.6677856445312
355,11.833333333333334,cat,0.9033374786376953,511.0329895019531,83.32721710205078,890.34423828125,682.0601196289062
356,11.866666666666667,cat,0.897610604763031,511.09552001953125,83.37881469726562,890.275146484375,682.1771850585938
357,11.9,cat,0.8970495462417603,510.8612365722656,83.32687377929688,890.22412109375,682.2105712890625
358,11.933333333333334,cat,0.9055715203285217,510.59716796875,83.7739028930664,890.5250854492188,682.7857055664062
359,11.966666666666667,cat,0.8949859142303467,510.1360168457031,83.76614379882812,891.3302612304688,682.8714599609375
360,12.0,cat,0.8988749980926514,508.1831359863281,84.31349182128906,893.3953857421875,683.8277587890625
306,10.2,cat,0.9030579924583435,489.04827880859375,97.33434295654297,895.7979736328125,686.7346801757812
306,10.2,cat,0.7301698327064514,813.3944702148438,143.936279296875,1070.7578125,686.8530883789062
307,10.233333333333333,cat,0.9081300497055054,493.96649169921875,95.83268737792969,896.5723876953125,687.3547973632812
307,10.233333333333333,cat,0.7495402693748474,809.7444458007812,146.31375122070312,1106.275634765625,686.185791015625
308,10.266666666666667,cat,0.8785904049873352,494.9775390625,92.71217346191406,899.21484375,685.206787109375
308,10.266666666666667,cat,0.6522678136825562,799.5112915039062,146.67514038085938,1134.172119140625,686.17041015625
309,10.3,cat,0.8780634999275208,494.4609680175781,91.89769744873047,899.880859375,684.210205078125
309,10.3,cat,0.6629043221473694,794.1239013671875,146.73483276367188,1143.93310546875,685.91455078125
310,10.333333333333334,cat,0.8644456267356873,493.7413330078125,87.03878784179688,900.063720703125,684.0018310546875
310,10.333333333333334,cat,0.8528281450271606,795.0869750976562,149.92884826660156,1164.265380859375,686.9825439453125
361,12.033333333333333,cat,0.9090737700462341,507.40313720703125,84.28681182861328,893.5023803710938,683.6577758789062
362,12.066666666666666,cat,0.9031766653060913,506.0307312011719,84.25379943847656,894.1969604492188,683.3646850585938
363,12.1,cat,0.902824342250824,505.6844177246094,84.3502426147461,894.2857666015625,683.3290405273438
364,12.133333333333333,cat,0.919486939907074,505.4002990722656,83.98419189453125,894.6505737304688,683.32421875
365,12.166666666666666,cat,0.9189566969871521,505.3968811035156,84.24823760986328,894.6979370117188,682.9415893554688
366,12.2,cat,0.9214779138565063,504.94305419921875,84.18053436279297,894.7120971679688,682.4407958984375
367,12.233333333333333,cat,0.9191242456436157,505.25421142578125,84.22596740722656,894.57275390625,683.1461791992188
368,12.266666666666667,cat,0.9121492505073547,505.196533203125,84.13672637939453,894.2757568359375,683.3189697265625
369,12.3,cat,0.9119970202445984,505.1263427734375,84.01564025878906,894.1522216796875,683.2197875976562
370,12.333333333333334,cat,0.9114862680435181,505.663818359375,83.84075927734375,893.8301391601562,683.1749877929688
315,10.5,cat,0.7438639998435974,799.874755859375,159.3566131591797,1260.185302734375,680.5407104492188
316,10.533333333333333,cat,0.8658328056335449,510.5748291015625,71.8905258178711,895.4318237304688,683.7193603515625
316,10.533333333333333,cat,0.6706967353820801,788.0965576171875,162.8907012939453,1276.2066650390625,679.4466552734375
317,10.566666666666666,cat,0.4638262689113617,513.8699340820312,73.034423828125,896.2738037109375,683.001220703125
317,10.566666666666666,cat,0.5504544377326965,787.89501953125,172.47003173828125,1280.0,680.523193359375
318,10.6,cat,0.6744317412376404,519.7424926757812,73.17445373535156,894.0636596679688,684.3164672851562
318,10.6,cat,0.4907277524471283,617.297607421875,106.33049774169922,1280.0,687.332275390625
319,10.633333333333333,cat,0.8026392459869385,551.6487426757812,82.91732025146484,1280.0,686.9151611328125
320,10.666666666666666,cat,0.8112586140632629,521.695068359375,72.205322265625,1280.0,686.2196655273438
320,10.666666666666666,cat,0.35749250650405884,515.2125244140625,72.99681854248047,889.4596557617188,683.1801147460938
371,12.366666666666667,cat,0.9113503098487854,505.3665466308594,83.6017074584961,893.690185546875,683.9312133789062
372,12.4,cat,0.9083497524261475,505.3126525878906,83.35161590576172,893.6992797851562,684.3761596679688
373,12.433333333333334,cat,0.9121412038803101,505.66497802734375,82.95185852050781,893.4459228515625,684.0098266601562
374,12.466666666666667,cat,0.9091845750808716,505.62237548828125,82.91305541992188,893.1499633789062,684.1597900390625
375,12.5,cat,0.9080028533935547,505.4247131347656,82.85103607177734,892.9691772460938,684.3480224609375
376,12.533333333333333,cat,0.9105052947998047,505.6411437988281,82.7940673828125,892.9759521484375,684.4146118164062
377,12.566666666666666,cat,0.9116641283035278,506.3962097167969,82.55493927001953,892.7933959960938,683.5409545898438
378,12.6,cat,0.9120222926139832,506.73614501953125,82.66244506835938,892.9638671875,683.5963134765625
379,12.633333333333333,cat,0.9139187335968018,507.5788269042969,82.65193176269531,893.1004028320312,684.8534545898438
380,12.666666666666666,cat,0.914006769657135,508.10772705078125,82.69688415527344,893.0078125,686.2008666992188
326,10.866666666666667,cat,0.5397937893867493,591.3632202148438,86.72575378417969,1280.0,684.3289184570312
326,10.866666666666667,cat,0.7131306529045105,510.46246337890625,73.24376678466797,809.0560913085938,682.885986328125
327,10.9,cat,0.5364025235176086,542.0577392578125,77.19686889648438,1280.0,686.1021728515625
327,10.9,cat,0.7219030857086182,511.8112487792969,73.00920104980469,806.6419067382812,683.37939453125
328,10.933333333333334,cat,0.713935911655426,680.9572143554688,93.78739166259766,1280.0,683.6651000976562
328,10.933333333333334,cat,0.744843065738678,512.4649047851562,72.92406463623047,803.0110473632812,683.1575927734375
329,10.966666666666667,cat,0.7177149653434753,754.0449829101562,98.27520751953125,1280.0,684.5767822265625
329,10.966666666666667,cat,0.6712285876274109,512.765380859375,73.0118637084961,808.4541625976562,683.2269287109375
330,11.0,cat,0.8765439391136169,791.5068969726562,100.8498764038086,1280.0,685.2157592773438
330,11.0,cat,0.8846082091331482,512.9220581054688,72.83033752441406,860.7528686523438,685.4646606445312
381,12.7,cat,0.9136459231376648,508.2364501953125,82.67874908447266,892.932373046875,686.6741333007812
382,12.733333333333333,cat,0.9125438928604126,507.8536071777344,82.68297576904297,892.6842651367188,686.222412109375
383,12.766666666666667,cat,0.911439061164856,507.96038818359375,82.72101593017578,892.4822387695312,684.9566040039062
384,12.8,cat,0.9093891382217407,507.49847412109375,82.59587860107422,892.6568603515625,684.3147583007812
385,12.833333333333334,cat,0.9118049144744873,507.7801208496094,82.8478775024414,892.0354614257812,683.892578125
386,12.866666666666667,cat,0.912765622138977,508.36077880859375,83.0528335571289,892.281494140625,683.8876953125
387,12.9,cat,0.9133716225624084,508.5477600097656,83.10078430175781,892.2966918945312,684.0609741210938
388,12.933333333333334,cat,0.910798192024231,508.7869873046875,83.14065551757812,892.5345458984375,684.5318603515625
389,12.966666666666667,cat,0.9116781949996948,508.1435852050781,83.26615905761719,892.5911865234375,684.8895263671875
390,13.0,cat,0.9142591953277588,508.4761657714844,83.16278076171875,892.6712036132812,685.1273803710938
336,11.2,cat,0.7012379169464111,840.7958374023438,175.590087890625,1279.33740234375,683.4032592773438
336,11.2,cat,0.8911025524139404,517.5266723632812,77.04220581054688,888.6624755859375,684.0380249023438
337,11.233333333333333,cat,0.5238059759140015,829.5323486328125,180.56822204589844,1279.8123779296875,638.720458984375
337,11.233333333333333,cat,0.8778554797172546,515.242431640625,74.26988220214844,889.6073608398438,683.4400024414062
338,11.266666666666667,cat,0.5190008878707886,823.6296997070312,190.66456604003906,1280.0,649.5276489257812
338,11.266666666666667,cat,0.8501130938529968,514.4251708984375,75.66885375976562,888.2348022460938,683.1953125
339,11.3,cat,0.5263339877128601,820.9523315429688,193.78102111816406,1279.9697265625,656.0140380859375
339,11.3,cat,0.8495639562606812,513.7698974609375,76.05679321289062,887.58154296875,682.8856201171875
340,11.333333333333334,cat,0.5865827202796936,799.3616943359375,198.5818328857422,1280.0,636.853759765625
340,11.333333333333334,cat,0.8710733652114868,513.3245239257812,78.18553161621094,888.7625732421875,683.5730590820312
391,13.033333333333333,cat,0.9120337963104248,508.91632080078125,83.85147857666016,892.4781494140625,685.013671875
392,13.066666666666666,cat,0.91237473487854,508.8437805175781,83.98524475097656,892.3933715820312,684.4827270507812
393,13.1,cat,0.9122869372367859,508.37158203125,84.1053237915039,892.317626953125,684.186279296875
394,13.133333333333333,cat,0.909693717956543,508.7690734863281,83.72781372070312,892.9257202148438,683.7374267578125
395,13.166666666666666,cat,0.9083268046379089,508.8490295410156,83.51570892333984,892.5927124023438,683.8087158203125
396,13.2,cat,0.9073470830917358,508.9784851074219,83.59909057617188,892.189453125,683.3391723632812
397,13.233333333333333,cat,0.9147265553474426,508.8117370605469,83.65855407714844,892.2188110351562,683.2020874023438
398,13.266666666666667,cat,0.9167977571487427,508.884521484375,83.51610565185547,892.0154418945312,684.1195678710938
399,13.3,cat,0.9170777201652527,508.5393371582031,83.5376205444336,891.846435546875,684.2333984375
400,13.333333333333334,cat,0.9176846742630005,508.9461364746094,84.02305603027344,891.64306640625,683.8153076171875
346,11.533333333333333,cat,0.8419919013977051,837.2343139648438,87.03260040283203,1279.5799560546875,684.75439453125
346,11.533333333333333,cat,0.8983766436576843,510.61090087890625,84.35639953613281,887.8071899414062,682.38427734375
347,11.566666666666666,cat,0.873236358165741,857.8018798828125,86.18631744384766,1279.2813720703125,683.8021240234375
347,11.566666666666666,cat,0.8931787610054016,510.4830017089844,84.92115020751953,888.0139770507812,682.4822998046875
348,11.6,cat,0.8473686575889587,872.663330078125,100.39227294921875,1279.1663818359375,681.3878173828125
348,11.6,cat,0.8996214270591736,510.8153991699219,84.92464447021484,887.6007080078125,682.3674926757812
349,11.633333333333333,cat,0.5357187390327454,890.093017578125,111.4622573852539,1279.346923828125,666.3968505859375
349,11.633333333333333,cat,0.9071566462516785,510.7478332519531,84.96453857421875,884.5198364257812,681.9774780273438
350,11.666666666666666,cat,0.32246097922325134,909.263916015625,123.89874267578125,1278.9796142578125,578.3222045898438
350,11.666666666666666,cat,0.8929874300956726,509.7890625,84.06163787841797,885.5176391601562,681.7434692382812
401,13.366666666666667,cat,0.9147579073905945,509.4114685058594,83.86058044433594,891.6951904296875,683.6917724609375
402,13.4,cat,0.9130698442459106,509.5356750488281,83.58303833007812,891.8126220703125,684.0231323242188
403,13.433333333333334,cat,0.9125140309333801,509.26171875,83.41200256347656,892.0115966796875,684.1544799804688
404,13.466666666666667,cat,0.9139093160629272,509.024658203125,83.3780517578125,892.419921875,684.51220703125
405,13.5,cat,0.913667619228363,508.7796936035156,83.4101333618164,892.4761962890625,684.5748901367188
406,13.533333333333333,cat,0.908557116985321,509.548095703125,83.17774963378906,892.5419921875,684.59716796875
407,13.566666666666666,cat,0.9050715565681458,509.8243408203125,82.99124145507812,892.7124633789062,684.6596069335938
408,13.6,cat,0.9055755734443665,509.7169189453125,83.05903625488281,892.75927734375,684.871826171875
409,13.633333333333333,cat,0.9065039157867432,509.8766784667969,83.11646270751953,892.7813720703125,684.8805541992188
410,13.666666666666666,cat,0.9068287014961243,509.8499450683594,83.06291198730469,892.7888793945312,684.7357788085938
411,13.7,cat,0.9068529009819031,509.7263488769531,83.08172607421875,892.845703125,684.6845092773438
412,13.733333333333333,cat,0.9062309265136719,509.2333984375,83.22667694091797,892.9736328125,684.7222290039062
413,13.766666666666667,cat,0.9103522896766663,509.2802429199219,83.01922607421875,893.349609375,684.77294921875
414,13.8,cat,0.9061549305915833,509.0820007324219,82.79109191894531,893.4091186523438,684.829345703125
415,13.833333333333334,cat,0.9085173606872559,509.1767578125,82.94721984863281,893.3510131835938,684.621337890625
416,13.866666666666667,cat,0.9075815081596375,509.3143310546875,83.1075668334961,893.3499755859375,684.56982421875
417,13.9,cat,0.9077804684638977,509.1485900878906,83.14410400390625,893.3637084960938,684.452880859375
418,13.933333333333334,cat,0.9068255424499512,509.3677978515625,83.367919921875,893.4129028320312,684.4288940429688
419,13.966666666666667,cat,0.9094551801681519,509.2581787109375,83.4666748046875,893.5428466796875,684.5310668945312
420,14.0,cat,0.9085505604743958,508.8695068359375,83.39057922363281,893.6646118164062,684.611572265625
353,11.766666666666667,cat,0.5134497284889221,979.1776733398438,107.2385025024414,1278.9376220703125,556.5504760742188
353,11.766666666666667,cat,0.8942376971244812,510.0303649902344,83.99396514892578,889.2114868164062,681.8831176757812
354,11.8,cat,0.5783030390739441,1025.1221923828125,88.64608764648438,1279.1439208984375,526.501953125
354,11.8,cat,0.9061976075172424,510.3647155761719,83.32891845703125,889.8689575195312,681.6677856445312
355,11.833333333333334,cat,0.9033374786376953,511.0329895019531,83.32721710205078,890.34423828125,682.0601196289062
356,11.866666666666667,cat,0.897610604763031,511.09552001953125,83.37881469726562,890.275146484375,682.1771850585938
357,11.9,cat,0.8970495462417603,510.8612365722656,83.32687377929688,890.22412109375,682.2105712890625
358,11.933333333333334,cat,0.9055715203285217,510.59716796875,83.7739028930664,890.5250854492188,682.7857055664062
359,11.966666666666667,cat,0.8949859142303467,510.1360168457031,83.76614379882812,891.3302612304688,682.8714599609375
360,12.0,cat,0.8988749980926514,508.1831359863281,84.31349182128906,893.3953857421875,683.8277587890625
421,14.033333333333333,cat,0.9068423509597778,508.8601989746094,83.68589782714844,893.494140625,684.4215087890625
422,14.066666666666666,cat,0.9060602188110352,508.7549743652344,83.61553955078125,893.3914794921875,684.4376831054688
423,14.1,cat,0.9060969948768616,508.86370849609375,83.6199951171875,893.3230590820312,684.4125366210938
424,14.133333333333333,cat,0.9063905477523804,508.9403991699219,83.67098999023438,893.24560546875,684.3529052734375
425,14.166666666666666,cat,0.9049941301345825,508.7033386230469,83.56785583496094,893.2359008789062,684.6615600585938
426,14.2,cat,0.9052354693412781,508.74407958984375,83.54423522949219,893.0801391601562,684.8450317382812
427,14.233333333333333,cat,0.9033172726631165,508.8169860839844,83.61992645263672,893.0935668945312,684.9033203125
428,14.266666666666667,cat,0.9038076996803284,509.1966552734375,83.58792877197266,893.2421264648438,684.816650390625
429,14.3,cat,0.9040704965591431,509.3051452636719,83.60633850097656,893.2706909179688,684.8956909179688
430,14.333333333333334,cat,0.9067398905754089,509.7190856933594,83.6237564086914,893.153076171875,684.9158935546875
361,12.033333333333333,cat,0.9090737700462341,507.40313720703125,84.28681182861328,893.5023803710938,683.6577758789062
362,12.066666666666666,cat,0.9031766653060913,506.0307312011719,84.25379943847656,894.1969604492188,683.3646850585938
363,12.1,cat,0.902824342250824,505.6844177246094,84.3502426147461,894.2857666015625,683.3290405273438
364,12.133333333333333,cat,0.919486939907074,505.4002990722656,83.98419189453125,894.6505737304688,683.32421875
365,12.166666666666666,cat,0.9189566969871521,505.3968811035156,84.24823760986328,894.6979370117188,682.9415893554688
366,12.2,cat,0.9214779138565063,504.94305419921875,84.18053436279297,894.7120971679688,682.4407958984375
367,12.233333333333333,cat,0.9191242456436157,505.25421142578125,84.22596740722656,894.57275390625,683.1461791992188
368,12.266666666666667,cat,0.9121492505073547,505.196533203125,84.13672637939453,894.2757568359375,683.3189697265625
369,12.3,cat,0.9119970202445984,505.1263427734375,84.01564025878906,894.1522216796875,683.2197875976562
370,12.333333333333334,cat,0.9114862680435181,505.663818359375,83.84075927734375,893.8301391601562,683.1749877929688
428,14.266666666666667,cat,0.9038076996803284,509.1966552734375,83.58792877197266,893.2421264648438,684.816650390625
429,14.3,cat,0.9040704965591431,509.3051452636719,83.60633850097656,893.2706909179688,684.8956909179688
430,14.333333333333334,cat,0.9067398905754089,509.7190856933594,83.6237564086914,893.153076171875,684.9158935546875
431,14.366666666666667,cat,0.9086645841598511,509.9131164550781,83.70414733886719,893.26904296875,684.8167114257812
432,14.4,cat,0.9090844988822937,509.9952697753906,83.38323974609375,893.1817016601562,684.7296752929688
433,14.433333333333334,cat,0.9051254987716675,509.9966735839844,83.28756713867188,893.2626342773438,684.5513916015625
434,14.466666666666667,cat,0.9023006558418274,509.8480529785156,83.40032196044922,893.2699584960938,684.4550170898438
435,14.5,cat,0.9012377858161926,509.6264953613281,83.30078887939453,893.3433227539062,684.5208740234375
436,14.533333333333333,cat,0.9018793702125549,509.8913269042969,83.45886993408203,893.0296020507812,684.2978515625
437,14.566666666666666,cat,0.9116181135177612,509.7538757324219,84.10691833496094,893.2109375,684.537109375
371,12.366666666666667,cat,0.9113503098487854,505.3665466308594,83.6017074584961,893.690185546875,683.9312133789062
372,12.4,cat,0.9083497524261475,505.3126525878906,83.35161590576172,893.6992797851562,684.3761596679688
373,12.433333333333334,cat,0.9121412038803101,505.66497802734375,82.95185852050781,893.4459228515625,684.0098266601562
374,12.466666666666667,cat,0.9091845750808716,505.62237548828125,82.91305541992188,893.1499633789062,684.1597900390625
375,12.5,cat,0.9080028533935547,505.4247131347656,82.85103607177734,892.9691772460938,684.3480224609375
376,12.533333333333333,cat,0.9105052947998047,505.6411437988281,82.7940673828125,892.9759521484375,684.4146118164062
377,12.566666666666666,cat,0.9116641283035278,506.3962097167969,82.55493927001953,892.7933959960938,683.5409545898438
378,12.6,cat,0.9120222926139832,506.73614501953125,82.66244506835938,892.9638671875,683.5963134765625
379,12.633333333333333,cat,0.9139187335968018,507.5788269042969,82.65193176269531,893.1004028320312,684.8534545898438
380,12.666666666666666,cat,0.914006769657135,508.10772705078125,82.69688415527344,893.0078125,686.2008666992188
381,12.7,cat,0.9136459231376648,508.2364501953125,82.67874908447266,892.932373046875,686.6741333007812
382,12.733333333333333,cat,0.9125438928604126,507.8536071777344,82.68297576904297,892.6842651367188,686.222412109375
383,12.766666666666667,cat,0.911439061164856,507.96038818359375,82.72101593017578,892.4822387695312,684.9566040039062
384,12.8,cat,0.9093891382217407,507.49847412109375,82.59587860107422,892.6568603515625,684.3147583007812
385,12.833333333333334,cat,0.9118049144744873,507.7801208496094,82.8478775024414,892.0354614257812,683.892578125
386,12.866666666666667,cat,0.912765622138977,508.36077880859375,83.0528335571289,892.281494140625,683.8876953125
387,12.9,cat,0.9133716225624084,508.5477600097656,83.10078430175781,892.2966918945312,684.0609741210938
388,12.933333333333334,cat,0.910798192024231,508.7869873046875,83.14065551757812,892.5345458984375,684.5318603515625
389,12.966666666666667,cat,0.9116781949996948,508.1435852050781,83.26615905761719,892.5911865234375,684.8895263671875
390,13.0,cat,0.9142591953277588,508.4761657714844,83.16278076171875,892.6712036132812,685.1273803710938
391,13.033333333333333,cat,0.9120337963104248,508.91632080078125,83.85147857666016,892.4781494140625,685.013671875
392,13.066666666666666,cat,0.91237473487854,508.8437805175781,83.98524475097656,892.3933715820312,684.4827270507812
393,13.1,cat,0.9122869372367859,508.37158203125,84.1053237915039,892.317626953125,684.186279296875
394,13.133333333333333,cat,0.909693717956543,508.7690734863281,83.72781372070312,892.9257202148438,683.7374267578125
395,13.166666666666666,cat,0.9083268046379089,508.8490295410156,83.51570892333984,892.5927124023438,683.8087158203125
396,13.2,cat,0.9073470830917358,508.9784851074219,83.59909057617188,892.189453125,683.3391723632812
397,13.233333333333333,cat,0.9147265553474426,508.8117370605469,83.65855407714844,892.2188110351562,683.2020874023438
398,13.266666666666667,cat,0.9167977571487427,508.884521484375,83.51610565185547,892.0154418945312,684.1195678710938
399,13.3,cat,0.9170777201652527,508.5393371582031,83.5376205444336,891.846435546875,684.2333984375
400,13.333333333333334,cat,0.9176846742630005,508.9461364746094,84.02305603027344,891.64306640625,683.8153076171875
401,13.366666666666667,cat,0.9147579073905945,509.4114685058594,83.86058044433594,891.6951904296875,683.6917724609375
402,13.4,cat,0.9130698442459106,509.5356750488281,83.58303833007812,891.8126220703125,684.0231323242188
403,13.433333333333334,cat,0.9125140309333801,509.26171875,83.41200256347656,892.0115966796875,684.1544799804688
404,13.466666666666667,cat,0.9139093160629272,509.024658203125,83.3780517578125,892.419921875,684.51220703125
405,13.5,cat,0.913667619228363,508.7796936035156,83.4101333618164,892.4761962890625,684.5748901367188
406,13.533333333333333,cat,0.908557116985321,509.548095703125,83.17774963378906,892.5419921875,684.59716796875
407,13.566666666666666,cat,0.9050715565681458,509.8243408203125,82.99124145507812,892.7124633789062,684.6596069335938
408,13.6,cat,0.9055755734443665,509.7169189453125,83.05903625488281,892.75927734375,684.871826171875
409,13.633333333333333,cat,0.9065039157867432,509.8766784667969,83.11646270751953,892.7813720703125,684.8805541992188
410,13.666666666666666,cat,0.9068287014961243,509.8499450683594,83.06291198730469,892.7888793945312,684.7357788085938
411,13.7,cat,0.9068529009819031,509.7263488769531,83.08172607421875,892.845703125,684.6845092773438
412,13.733333333333333,cat,0.9062309265136719,509.2333984375,83.22667694091797,892.9736328125,684.7222290039062
413,13.766666666666667,cat,0.9103522896766663,509.2802429199219,83.01922607421875,893.349609375,684.77294921875
414,13.8,cat,0.9061549305915833,509.0820007324219,82.79109191894531,893.4091186523438,684.829345703125
415,13.833333333333334,cat,0.9085173606872559,509.1767578125,82.94721984863281,893.3510131835938,684.621337890625
416,13.866666666666667,cat,0.9075815081596375,509.3143310546875,83.1075668334961,893.3499755859375,684.56982421875
417,13.9,cat,0.9077804684638977,509.1485900878906,83.14410400390625,893.3637084960938,684.452880859375
418,13.933333333333334,cat,0.9068255424499512,509.3677978515625,83.367919921875,893.4129028320312,684.4288940429688
419,13.966666666666667,cat,0.9094551801681519,509.2581787109375,83.4666748046875,893.5428466796875,684.5310668945312
420,14.0,cat,0.9085505604743958,508.8695068359375,83.39057922363281,893.6646118164062,684.611572265625
421,14.033333333333333,cat,0.9068423509597778,508.8601989746094,83.68589782714844,893.494140625,684.4215087890625
422,14.066666666666666,cat,0.9060602188110352,508.7549743652344,83.61553955078125,893.3914794921875,684.4376831054688
423,14.1,cat,0.9060969948768616,508.86370849609375,83.6199951171875,893.3230590820312,684.4125366210938
424,14.133333333333333,cat,0.9063905477523804,508.9403991699219,83.67098999023438,893.24560546875,684.3529052734375
425,14.166666666666666,cat,0.9049941301345825,508.7033386230469,83.56785583496094,893.2359008789062,684.6615600585938
426,14.2,cat,0.9052354693412781,508.74407958984375,83.54423522949219,893.0801391601562,684.8450317382812
427,14.233333333333333,cat,0.9033172726631165,508.8169860839844,83.61992645263672,893.0935668945312,684.9033203125
428,14.266666666666667,cat,0.9038076996803284,509.1966552734375,83.58792877197266,893.2421264648438,684.816650390625
429,14.3,cat,0.9040704965591431,509.3051452636719,83.60633850097656,893.2706909179688,684.8956909179688
430,14.333333333333334,cat,0.9067398905754089,509.7190856933594,83.6237564086914,893.153076171875,684.9158935546875
428,14.266666666666667,cat,0.9038076996803284,509.1966552734375,83.58792877197266,893.2421264648438,684.816650390625
429,14.3,cat,0.9040704965591431,509.3051452636719,83.60633850097656,893.2706909179688,684.8956909179688
430,14.333333333333334,cat,0.9067398905754089,509.7190856933594,83.6237564086914,893.153076171875,684.9158935546875
431,14.366666666666667,cat,0.9086645841598511,509.9131164550781,83.70414733886719,893.26904296875,684.8167114257812
432,14.4,cat,0.9090844988822937,509.9952697753906,83.38323974609375,893.1817016601562,684.7296752929688
433,14.433333333333334,cat,0.9051254987716675,509.9966735839844,83.28756713867188,893.2626342773438,684.5513916015625
434,14.466666666666667,cat,0.9023006558418274,509.8480529785156,83.40032196044922,893.2699584960938,684.4550170898438
435,14.5,cat,0.9012377858161926,509.6264953613281,83.30078887939453,893.3433227539062,684.5208740234375
436,14.533333333333333,cat,0.9018793702125549,509.8913269042969,83.45886993408203,893.0296020507812,684.2978515625
437,14.566666666666666,cat,0.9116181135177612,509.7538757324219,84.10691833496094,893.2109375,684.537109375
